source_file,source_row,reject_reason,response_id,survey_id,respondent_name,respondent_email,started_at,completed_at,status,rating,duration_seconds,channel,free_text
responses.csv,46,duplicate_respondent_in_survey,28088,5,Rahul Fernandes,rahul.fernandes166@example.com,28/06/2026 18:36:58,,started,4,1714,,
responses.csv,208,duplicate_respondent_in_survey,24839,5,Sanjay Khan,sanjay.khan325@example.com,26/06/2026 07:12:40,,started,3,799,,
responses.csv,255,duplicate_respondent_in_survey,34284,10,Vikram Bose,vikram.bose978@example.com,20/06/2026 21:20:57,,started,5,1591,email,
responses.csv,398,duplicate_respondent_in_survey,26847,5,Priya Iyer,priya.iyer208@example.com,13/02/2026 02:07:16,13/02/2026 02:32:20,partial,5,1504,,
responses.csv,402,duplicate_respondent_in_survey,34507,10,Meera Patel,meera.patel89@example.com,28/05/2026 16:00:32,28/05/2026 16:12:48,completed,4,736,,
responses.csv,435,duplicate_respondent_in_survey,24947,5,Sneha Patel,sneha.patel739@example.com,09/01/2026 12:34:36,,started,3,499,kiosk,
responses.csv,470,duplicate_respondent_in_survey,24604,5,Nisha Sharma,nisha.sharma961@example.com,05/04/2026 23:57:24,,abandoned,N/A,1294,email,
responses.csv,477,duplicate_respondent_in_survey,10331,3,Vikram Chatterjee,vikram.chatterjee802@example.com,29/04/2026 00:08:59,,abandoned,N/A,1412,,
responses.csv,533,duplicate_respondent_in_survey,19284,5,Meera Gupta,meera.gupta622@example.com,08/04/2026 18:26:24,,abandoned,4,1558,sms,
responses.csv,541,duplicate_respondent_in_survey,12703,4,Sanjay Kulkarni,sanjay.kulkarni990@example.com,22/05/2026 04:20:26,,abandoned,,886,whatsapp,
responses.csv,590,duplicate_respondent_in_survey,24319,5,Sneha Gupta,sneha.gupta833@example.com,15/02/2026 08:06:36,15/02/2026 08:32:20,partial,2,1544,email,
responses.csv,607,duplicate_respondent_in_survey,27994,5,Karan Nair,karan.nair658@example.com,14/04/2026 14:18:43,,abandoned,1,1048,sms,
responses.csv,622,duplicate_respondent_in_survey,26774,5,Sanjay Gupta,sanjay.gupta615@example.com,19/06/2026 11:20:21,,started,5,1382,kiosk,
responses.csv,662,duplicate_respondent_in_survey,24449,5,Arjun Patel,arjun.patel208@example.com,24/07/2026 20:52:16,24/07/2026 21:09:35,partial,2,1039,,
responses.csv,705,duplicate_respondent_in_survey,35100,10,Amit Patel,amit.patel933@example.com,24/02/2026 20:00:09,,abandoned,4,685,sms,
responses.csv,793,duplicate_respondent_in_survey,38362,12,Ananya Patel,ananya.patel27@example.com,10/01/2026 22:28:05,,started,3,1279,email,
responses.csv,855,duplicate_respondent_in_survey,22879,5,Rohit Khan,rohit.khan850@example.com,17/02/2026 08:14:33,17/02/2026 08:32:37,Partial,5,1084,kiosk,
responses.csv,885,duplicate_respondent_in_survey,24146,5,Nisha Bose,nisha.bose210@example.com,16/07/2026 16:14:02,,abandoned,2,1538,whatsapp,
responses.csv,967,duplicate_respondent_in_survey,16437,5,Meera Gupta,meera.gupta553@example.com,22/06/2026 08:25:37,,abandoned,2,1555,email,
responses.csv,968,duplicate_respondent_in_survey,23494,5,Ananya Nair,ananya.nair645@example.com,13/05/2026 07:46:51,,started,N/A,936,kiosk,
responses.csv,987,duplicate_respondent_in_survey,37118,12,Karan Desai,karan.desai346@example.com,18/06/2026 13:11:25,,abandoned,3,174,kiosk,
responses.csv,1005,duplicate_respondent_in_survey,27979,5,Vikram Kulkarni,vikram.kulkarni897@example.com,12/07/2026 03:11:04,12/07/2026 03:16:13,Partial,,309,sms,
responses.csv,1006,duplicate_respondent_in_survey,12254,4,Sanjay Chatterjee,sanjay.chatterjee562@example.com,10/04/2026 17:21:16,,abandoned,3,403,kiosk,
responses.csv,1063,duplicate_respondent_in_survey,16272,4,Ananya Khan,ananya.khan696@example.com,07/07/2026 23:16:29,,started,2,503,,
responses.csv,1173,duplicate_respondent_in_survey,6407,3,Amit Rao,amit.rao82@example.com,13/01/2026 05:15:16,13/01/2026 05:41:41,Completed,4,1585,email,
responses.csv,1214,duplicate_respondent_in_survey,20403,5,Karan Reddy,karan.reddy28@example.com,11/02/2026 12:41:11,11/02/2026 12:52:18,COMPLETED,2,667,kiosk,
responses.csv,1254,duplicate_respondent_in_survey,10775,3,Pooja Desai,pooja.desai191@example.com,20/05/2026 19:16:48,,abandoned,3,1685,,
responses.csv,1267,duplicate_respondent_in_survey,10858,3,Meera Nair,meera.nair71@example.com,08/02/2026 01:22:30,08/02/2026 01:49:01,Partial,3,1591,whatsapp,
responses.csv,1278,duplicate_respondent_in_survey,18738,5,Arjun Patel,arjun.patel434@example.com,17/01/2026 03:47:29,17/01/2026 04:11:58,completed,1,1469,whatsapp,
responses.csv,1310,duplicate_respondent_in_survey,8560,3,Ananya Reddy,ananya.reddy814@example.com,07/01/2026 01:47:05,07/01/2026 02:04:55,Partial,1,1070,sms,
responses.csv,1350,duplicate_respondent_in_survey,10818,3,Sanjay Khan,sanjay.khan909@example.com,24/02/2026 15:12:25,24/02/2026 15:14:20,COMPLETED,5,115,email,
responses.csv,1365,duplicate_respondent_in_survey,23580,5,Meera Menon,meera.menon724@example.com,22/02/2026 11:28:30,22/02/2026 11:57:17,COMPLETED,5,1727,sms,
responses.csv,1499,duplicate_respondent_in_survey,23089,5,Rahul Patel,rahul.patel422@example.com,29/04/2026 11:34:37,,started,,705,kiosk,
responses.csv,1510,duplicate_respondent_in_survey,30478,7,Kavya Kulkarni,kavya.kulkarni627@example.com,08/06/2026 15:58:53,08/06/2026 16:04:34,Partial,1,341,kiosk,
responses.csv,1540,duplicate_respondent_in_survey,24799,5,Rohit Menon,rohit.menon778@example.com,13/06/2026 18:44:52,,abandoned,,666,whatsapp,
responses.csv,1568,unparseable_started_at; unparseable_completed_at; completed_without_completion_time,900006,5,Rahul Nair,rahul.nair@example.com,29/02/2023 10:00:00,29/02/2023 10:20:00,completed,4,1200,email,
responses.csv,1614,duplicate_respondent_in_survey,25520,5,Rahul Fernandes,rahul.fernandes164@example.com,23/04/2026 18:53:43,23/04/2026 18:56:08,COMPLETED,3,145,whatsapp,
responses.csv,1652,duplicate_respondent_in_survey,26837,5,Vikram Rao,vikram.rao70@example.com,24/04/2026 22:41:34,24/04/2026 22:56:34,Partial,N/A,900,,
responses.csv,1688,duplicate_respondent_in_survey,5699,3,Meera Fernandes,meera.fernandes578@example.com,25/01/2026 02:35:52,25/01/2026 02:51:03,Completed,4,911,kiosk,
responses.csv,1708,invalid_email,900019,12,   ,not-an-email,05/06/2026 08:00:00,05/06/2026 08:22:00,completed,4,1320,email,
responses.csv,1852,duplicate_respondent_in_survey,19475,5,Aditya Kulkarni,aditya.kulkarni104@example.com,13/03/2026 18:43:29,13/03/2026 19:05:13,Partial,4,1304,whatsapp,
responses.csv,1933,duplicate_respondent_in_survey,21161,5,Sanjay Fernandes,sanjay.fernandes667@example.com,26/05/2026 19:13:43,26/05/2026 19:17:06,Partial,1,203,,
responses.csv,2192,duplicate_respondent_in_survey,25647,5,Ananya Reddy,ananya.reddy537@example.com,22/03/2026 21:57:52,22/03/2026 22:05:21,Partial,5,449,,
responses.csv,2280,duplicate_respondent_in_survey,23870,5,Sanjay Nair,sanjay.nair88@example.com,27/06/2026 23:14:23,27/06/2026 23:25:09,partial,,646,whatsapp,
responses.csv,2396,duplicate_respondent_in_survey,19208,5,Rahul Kulkarni,rahul.kulkarni664@example.com,08/03/2026 13:26:10,08/03/2026 13:39:36,Partial,5,806,whatsapp,
responses.csv,2413,duplicate_respondent_in_survey,26584,5,Vikram Reddy,vikram.reddy60@example.com,10/05/2026 08:57:57,10/05/2026 09:09:33,COMPLETED,3,696,kiosk,
responses.csv,2475,duplicate_respondent_in_survey,19784,5,Arjun Sharma,arjun.sharma863@example.com,27/03/2026 19:41:46,27/03/2026 19:57:00,partial,N/A,914,sms,
responses.csv,2559,duplicate_respondent_in_survey,33061,10,Kavya Fernandes,kavya.fernandes307@example.com,21/06/2026 00:34:16,,started,5,1490,kiosk,
responses.csv,2612,duplicate_respondent_in_survey,10259,3,Amit Bose,amit.bose292@example.com,18/02/2026 11:00:27,,started,,427,email,
responses.csv,2634,duplicate_respondent_in_survey,12472,4,Pooja Bose,pooja.bose531@example.com,15/04/2026 11:39:32,15/04/2026 12:01:13,partial,1,1301,kiosk,
responses.csv,2796,duplicate_respondent_in_survey,29143,6,Kavya Reddy,kavya.reddy262@example.com,20/07/2026 10:12:11,,started,2,752,,
responses.csv,2895,duplicate_respondent_in_survey,18533,5,Amit Fernandes,amit.fernandes816@example.com,14/03/2026 22:27:37,14/03/2026 22:48:16,Partial,,1239,,
responses.csv,2922,duplicate_respondent_in_survey,17360,5,Meera Kulkarni,meera.kulkarni585@example.com,02/05/2026 21:13:51,02/05/2026 21:27:36,COMPLETED,1,825,whatsapp,
responses.csv,2925,duplicate_respondent_in_survey,19233,5,Rahul Menon,rahul.menon837@example.com,24/04/2026 03:05:48,,started,,1064,kiosk,
responses.csv,2943,duplicate_respondent_in_survey,7212,3,Nisha Kulkarni,nisha.kulkarni703@example.com,20/02/2026 20:25:44,,started,5,1191,whatsapp,
responses.csv,3026,duplicate_respondent_in_survey,17328,5,Sneha Fernandes,sneha.fernandes486@example.com,05/02/2026 08:28:00,05/02/2026 08:38:34,COMPLETED,N/A,634,whatsapp,
responses.csv,3036,duplicate_respondent_in_survey,23222,5,Meera Patel,meera.patel233@example.com,16/05/2026 18:03:35,16/05/2026 18:10:46,Completed,3,431,,
responses.csv,3119,duplicate_respondent_in_survey,32791,10,Aditya Bose,aditya.bose591@example.com,18/06/2026 14:33:29,,started,5,117,email,
responses.csv,3163,duplicate_respondent_in_survey,22688,5,Divya Bose,divya.bose334@example.com,02/01/2026 08:41:57,02/01/2026 08:53:28,Partial,3,691,email,
responses.csv,3170,duplicate_respondent_in_survey,1962,1,Divya Desai,divya.desai662@example.com,31/05/2026 20:39:22,,abandoned,,1286,email,
responses.csv,3292,duplicate_respondent_in_survey,6535,3,Ananya Joshi,ananya.joshi211@example.com,23/06/2026 03:13:01,,abandoned,,1498,,
responses.csv,3465,duplicate_respondent_in_survey,19978,5,Sneha Bose,sneha.bose528@example.com,03/01/2026 02:30:59,,started,1,790,kiosk,
responses.csv,3535,duplicate_respondent_in_survey,17463,5,Priya Nair,priya.nair151@example.com,08/01/2026 20:17:30,08/01/2026 20:27:45,Completed,5,615,kiosk,
responses.csv,3542,duplicate_respondent_in_survey,22613,5,Karan Kulkarni,karan.kulkarni901@example.com,30/06/2026 13:12:41,,started,4,774,,
responses.csv,3606,duplicate_respondent_in_survey,23745,5,Rahul Sharma,rahul.sharma715@example.com,04/05/2026 08:47:29,,abandoned,,1325,email,
responses.csv,3634,duplicate_respondent_in_survey,10962,3,Aditya Patel,aditya.patel385@example.com,31/03/2026 03:14:07,,abandoned,5,984,,
responses.csv,3753,duplicate_respondent_in_survey,26723,5,Priya Fernandes,priya.fernandes53@example.com,30/06/2026 21:42:14,,started,4,699,kiosk,
responses.csv,3763,duplicate_respondent_in_survey,16754,5,Rohit Iyer,rohit.iyer931@example.com,11/04/2026 08:29:33,11/04/2026 08:49:39,partial,3,1206,sms,
responses.csv,3814,duplicate_respondent_in_survey,15979,4,Rahul Patel,rahul.patel471@example.com,10/01/2026 08:22:13,10/01/2026 08:49:26,Partial,5,1633,,
responses.csv,3850,duplicate_respondent_in_survey,25013,5,Karan Patel,karan.patel188@example.com,28/03/2026 06:43:18,,started,N/A,758,email,
responses.csv,3859,duplicate_respondent_in_survey,15915,4,Pooja Desai,pooja.desai195@example.com,14/03/2026 11:08:17,,abandoned,5,1169,kiosk,
responses.csv,3866,duplicate_respondent_in_survey,21312,5,Nisha Rao,nisha.rao142@example.com,01/05/2026 21:57:33,,started,N/A,1777,email,
responses.csv,3892,duplicate_respondent_in_survey,37057,12,Meera Kulkarni,meera.kulkarni994@example.com,06/07/2026 10:59:23,06/07/2026 11:26:10,COMPLETED,1,1607,email,
responses.csv,3909,duplicate_respondent_in_survey,27840,5,Rohit Patel,rohit.patel673@example.com,20/06/2026 07:59:43,,abandoned,,1231,whatsapp,
responses.csv,3993,duplicate_respondent_in_survey,23366,5,Ananya Chatterjee,ananya.chatterjee237@example.com,05/02/2026 18:54:49,,abandoned,,44,kiosk,
responses.csv,4030,duplicate_respondent_in_survey,16987,5,Priya Desai,priya.desai574@example.com,19/01/2026 02:24:30,19/01/2026 02:40:41,partial,2,971,sms,
responses.csv,4040,duplicate_respondent_in_survey,24907,5,Rohit Bose,rohit.bose593@example.com,27/01/2026 01:04:44,,abandoned,2,1170,kiosk,
responses.csv,4178,duplicate_respondent_in_survey,37235,12,Karan Gupta,karan.gupta66@example.com,28/02/2026 11:30:50,28/02/2026 11:56:07,COMPLETED,,1517,whatsapp,
responses.csv,4258,duplicate_respondent_in_survey,20615,5,Arjun Rao,arjun.rao777@example.com,18/01/2026 11:40:35,18/01/2026 12:01:39,Partial,5,1264,email,
responses.csv,4270,duplicate_respondent_in_survey,11773,4,Ananya Reddy,ananya.reddy5@example.com,07/02/2026 08:29:04,07/02/2026 08:42:02,COMPLETED,N/A,778,,
responses.csv,4274,duplicate_respondent_in_survey,14623,4,Rahul Fernandes,rahul.fernandes475@example.com,08/01/2026 07:47:53,,abandoned,2,92,whatsapp,
responses.csv,4321,duplicate_respondent_in_survey,20667,5,Ananya Menon,ananya.menon15@example.com,08/04/2026 20:47:36,,started,3,1209,,
responses.csv,4343,duplicate_respondent_in_survey,37107,12,Rohit Rao,rohit.rao859@example.com,14/07/2026 21:38:03,14/07/2026 21:58:27,partial,2,1224,email,
responses.csv,4373,duplicate_respondent_in_survey,25087,5,Aditya Sharma,aditya.sharma197@example.com,30/01/2026 09:29:08,,started,2,569,whatsapp,
responses.csv,4464,duplicate_respondent_in_survey,13802,4,Amit Khan,amit.khan735@example.com,10/07/2026 08:20:36,,started,3,112,,
responses.csv,4609,duplicate_respondent_in_survey,17400,5,Pooja Khan,pooja.khan503@example.com,23/07/2026 08:33:53,,abandoned,5,1555,kiosk,
responses.csv,4619,duplicate_respondent_in_survey,25917,5,Ananya Nair,ananya.nair539@example.com,09/02/2026 20:48:14,,abandoned,N/A,837,kiosk,
responses.csv,4686,duplicate_respondent_in_survey,17318,5,Divya Nair,divya.nair462@example.com,24/05/2026 13:13:09,24/05/2026 13:21:14,COMPLETED,N/A,485,sms,
responses.csv,4903,duplicate_respondent_in_survey,19497,5,Priya Patel,priya.patel341@example.com,28/04/2026 10:09:49,28/04/2026 10:26:52,partial,1,1023,,
responses.csv,4908,duplicate_respondent_in_survey,11102,3,Vikram Rao,vikram.rao25@example.com,25/01/2026 09:03:45,25/01/2026 09:30:13,partial,1,1588,whatsapp,
responses.csv,4924,duplicate_respondent_in_survey,27486,5,Karan Gupta,karan.gupta683@example.com,18/06/2026 11:43:37,18/06/2026 11:46:05,COMPLETED,1,148,email,
responses.csv,5063,duplicate_respondent_in_survey,19750,5,Rahul Fernandes,rahul.fernandes904@example.com,11/04/2026 10:39:59,,started,,1130,sms,
responses.csv,5251,duplicate_respondent_in_survey,21020,5,Divya Sharma,divya.sharma384@example.com,28/01/2026 23:38:03,,started,5,727,email,
responses.csv,5416,duplicate_respondent_in_survey,22617,5,Vikram Rao,vikram.rao521@example.com,03/03/2026 06:01:51,03/03/2026 06:11:13,partial,3,562,sms,
responses.csv,5493,duplicate_respondent_in_survey,34115,10,Kavya Fernandes,kavya.fernandes378@example.com,01/06/2026 11:19:47,01/06/2026 11:25:30,partial,,343,sms,
responses.csv,5526,duplicate_respondent_in_survey,19020,5,Rahul Joshi,rahul.joshi517@example.com,20/04/2026 09:23:40,20/04/2026 09:34:07,partial,,627,whatsapp,
responses.csv,5578,duplicate_respondent_in_survey,2859,1,Sneha Fernandes,sneha.fernandes292@example.com,28/03/2026 05:00:22,,started,2,496,sms,
responses.csv,5629,duplicate_respondent_in_survey,21293,5,Nisha Khan,nisha.khan780@example.com,16/03/2026 22:49:13,,abandoned,4,996,email,
responses.csv,5721,duplicate_respondent_in_survey,27416,5,Aditya Sharma,aditya.sharma899@example.com,31/01/2026 18:37:05,,started,3,1763,kiosk,
responses.csv,5722,duplicate_respondent_in_survey,21263,5,Kavya Patel,kavya.patel114@example.com,12/01/2026 05:21:04,,abandoned,N/A,584,whatsapp,
responses.csv,5725,duplicate_respondent_in_survey,3804,1,Meera Khan,meera.khan503@example.com,04/08/2026 04:03:53,,abandoned,3,1365,whatsapp,
responses.csv,5859,duplicate_respondent_in_survey,11128,3,Sneha Fernandes,sneha.fernandes908@example.com,02/06/2026 03:14:57,02/06/2026 03:36:06,COMPLETED,,1269,whatsapp,
responses.csv,6001,duplicate_respondent_in_survey,35053,10,Rohit Gupta,rohit.gupta539@example.com,11/03/2026 05:39:24,,started,5,787,,
responses.csv,6047,duplicate_respondent_in_survey,13689,4,Rahul Fernandes,rahul.fernandes91@example.com,18/03/2026 14:56:21,18/03/2026 14:57:24,Completed,3,63,email,
responses.csv,6135,duplicate_respondent_in_survey,35072,10,Priya Fernandes,priya.fernandes896@example.com,30/05/2026 06:51:55,,abandoned,2,697,whatsapp,
responses.csv,6167,duplicate_respondent_in_survey,25134,5,Priya Desai,priya.desai62@example.com,28/05/2026 04:03:58,28/05/2026 04:17:34,partial,1,816,sms,
responses.csv,6187,duplicate_respondent_in_survey,26727,5,Rahul Menon,rahul.menon744@example.com,10/07/2026 14:20:38,,started,3,1757,,
responses.csv,6239,duplicate_respondent_in_survey,18625,5,Divya Menon,divya.menon242@example.com,11/02/2026 21:55:55,,started,,1463,sms,
responses.csv,6331,duplicate_respondent_in_survey,7572,3,Pooja Chatterjee,pooja.chatterjee365@example.com,12/05/2026 19:43:57,,started,4,513,sms,
responses.csv,6463,duplicate_respondent_in_survey,26321,5,Karan Khan,karan.khan427@example.com,12/02/2026 03:42:10,12/02/2026 03:54:09,partial,,719,,
responses.csv,6604,duplicate_respondent_in_survey,16605,5,Ananya Iyer,ananya.iyer933@example.com,09/06/2026 21:45:52,,started,3,782,sms,
responses.csv,6626,duplicate_respondent_in_survey,23930,5,Amit Kulkarni,amit.kulkarni229@example.com,19/01/2026 21:56:52,,started,5,880,,
responses.csv,6750,duplicate_respondent_in_survey,37664,12,Rohit Reddy,rohit.reddy469@example.com,06/07/2026 03:28:47,06/07/2026 03:49:33,partial,5,1246,email,
responses.csv,6816,duplicate_respondent_in_survey,26674,5,Meera Chatterjee,meera.chatterjee63@example.com,08/03/2026 01:17:18,,started,N/A,1563,email,
responses.csv,6891,duplicate_respondent_in_survey,9880,3,Sneha Fernandes,sneha.fernandes771@example.com,26/06/2026 02:44:27,,started,4,1246,whatsapp,
responses.csv,6932,duplicate_respondent_in_survey,27279,5,Pooja Reddy,pooja.reddy630@example.com,19/02/2026 00:31:39,19/02/2026 00:47:53,COMPLETED,N/A,974,,
responses.csv,7015,duplicate_respondent_in_survey,10715,3,Nisha Kulkarni,nisha.kulkarni905@example.com,09/02/2026 00:30:06,09/02/2026 00:47:51,Partial,2,1065,email,
responses.csv,7100,duplicate_respondent_in_survey,20565,5,Sneha Khan,sneha.khan47@example.com,22/05/2026 06:50:24,,abandoned,5,968,kiosk,
responses.csv,7326,duplicate_respondent_in_survey,14911,4,Ananya Patel,ananya.patel825@example.com,07/07/2026 17:59:36,,abandoned,,199,kiosk,
responses.csv,7331,duplicate_respondent_in_survey,25940,5,Meera Chatterjee,meera.chatterjee751@example.com,18/04/2026 21:34:02,18/04/2026 21:45:19,Partial,N/A,677,whatsapp,
responses.csv,7386,duplicate_respondent_in_survey,33986,10,Sanjay Menon,sanjay.menon404@example.com,08/05/2026 02:33:21,,started,2,631,whatsapp,
responses.csv,7416,duplicate_respondent_in_survey,21921,5,Meera Gupta,meera.gupta429@example.com,30/05/2026 08:15:39,,started,5,1429,sms,
responses.csv,7428,duplicate_respondent_in_survey,1922,1,Ananya Fernandes,ananya.fernandes961@example.com,20/02/2026 00:35:55,20/02/2026 00:46:54,COMPLETED,4,659,sms,
responses.csv,7454,duplicate_respondent_in_survey,20832,5,Amit Sharma,amit.sharma863@example.com,01/04/2026 00:55:59,01/04/2026 01:01:50,partial,,351,sms,
responses.csv,7494,duplicate_respondent_in_survey,15968,4,Arjun Fernandes,arjun.fernandes563@example.com,07/04/2026 21:19:04,,started,1,1133,,
responses.csv,7526,duplicate_respondent_in_survey,19185,5,Kavya Bose,kavya.bose639@example.com,06/01/2026 06:07:34,06/01/2026 06:18:34,Completed,4,660,whatsapp,
responses.csv,7542,duplicate_respondent_in_survey,22949,5,Pooja Sharma,pooja.sharma155@example.com,21/05/2026 05:35:58,21/05/2026 05:50:51,Partial,,893,email,
responses.csv,7615,duplicate_respondent_in_survey,37376,12,Rohit Rao,rohit.rao292@example.com,06/03/2026 14:51:32,06/03/2026 15:09:03,COMPLETED,3,1051,whatsapp,
responses.csv,7681,duplicate_respondent_in_survey,22126,5,Rahul Khan,rahul.khan268@example.com,30/03/2026 22:54:10,30/03/2026 22:56:15,completed,3,125,,
responses.csv,7811,duplicate_respondent_in_survey,37944,12,Vikram Menon,vikram.menon691@example.com,05/02/2026 21:38:01,05/02/2026 22:03:46,partial,N/A,1545,sms,
responses.csv,7817,duplicate_respondent_in_survey,25880,5,Vikram Desai,vikram.desai305@example.com,10/02/2026 18:11:59,10/02/2026 18:40:38,completed,,1719,email,
responses.csv,7830,duplicate_respondent_in_survey,22627,5,Priya Bose,priya.bose226@example.com,03/05/2026 11:54:09,,started,1,188,email,
responses.csv,7903,duplicate_respondent_in_survey,20238,5,Karan Joshi,karan.joshi784@example.com,22/02/2026 11:47:39,22/02/2026 11:49:54,completed,,135,,
responses.csv,7951,duplicate_respondent_in_survey,35081,10,Vikram Desai,vikram.desai83@example.com,14/05/2026 15:01:21,,abandoned,,1429,,
responses.csv,7959,duplicate_respondent_in_survey,21374,5,Vikram Gupta,vikram.gupta355@example.com,13/03/2026 11:09:01,,abandoned,2,207,whatsapp,
responses.csv,7978,duplicate_respondent_in_survey,8498,3,Rohit Desai,rohit.desai710@example.com,10/02/2026 15:57:29,10/02/2026 16:23:12,Partial,N/A,1543,,
responses.csv,8005,duplicate_respondent_in_survey,11211,3,Nisha Khan,nisha.khan811@example.com,14/06/2026 06:18:22,14/06/2026 06:21:15,Completed,3,173,,
responses.csv,8018,duplicate_respondent_in_survey,20591,5,Rohit Bose,rohit.bose160@example.com,16/05/2026 13:34:10,,started,2,685,sms,
responses.csv,8077,duplicate_respondent_in_survey,21242,5,Ananya Menon,ananya.menon860@example.com,19/03/2026 06:53:34,19/03/2026 07:20:11,Completed,2,1597,sms,
responses.csv,8088,duplicate_respondent_in_survey,24812,5,Ananya Kulkarni,ananya.kulkarni498@example.com,15/06/2026 15:30:43,,started,N/A,799,,
responses.csv,8101,duplicate_respondent_in_survey,7108,3,Sneha Menon,sneha.menon528@example.com,14/06/2026 13:40:48,,started,5,1631,whatsapp,
responses.csv,8119,duplicate_respondent_in_survey,8128,3,Arjun Iyer,arjun.iyer341@example.com,21/01/2026 12:23:56,21/01/2026 12:52:20,completed,4,1704,kiosk,
responses.csv,8305,duplicate_respondent_in_survey,7632,3,Kavya Iyer,kavya.iyer554@example.com,30/03/2026 07:52:08,30/03/2026 08:12:27,completed,1,1219,,
responses.csv,8372,duplicate_respondent_in_survey,20433,5,Priya Chatterjee,priya.chatterjee720@example.com,22/03/2026 12:33:43,22/03/2026 12:38:23,partial,5,280,kiosk,
responses.csv,8452,duplicate_respondent_in_survey,17202,5,Karan Chatterjee,karan.chatterjee920@example.com,23/06/2026 04:29:50,23/06/2026 04:30:14,partial,4,24,,
responses.csv,8551,duplicate_respondent_in_survey,28346,5,Kavya Chatterjee,kavya.chatterjee641@example.com,13/01/2026 21:06:48,,abandoned,5,1455,kiosk,
responses.csv,8649,duplicate_respondent_in_survey,13781,4,Ananya Patel,ananya.patel834@example.com,25/03/2026 18:30:09,25/03/2026 18:36:08,Partial,2,359,email,
responses.csv,8682,duplicate_respondent_in_survey,5861,3,Nisha Sharma,nisha.sharma375@example.com,01/01/2026 10:43:43,01/01/2026 10:46:29,partial,3,166,kiosk,
responses.csv,8738,duplicate_respondent_in_survey,17861,5,Vikram Iyer,vikram.iyer906@example.com,08/06/2026 11:04:31,,abandoned,5,483,email,
responses.csv,8753,duplicate_respondent_in_survey,10913,3,Karan Fernandes,karan.fernandes255@example.com,05/04/2026 18:03:09,,abandoned,3,1750,whatsapp,
responses.csv,8754,duplicate_respondent_in_survey,25653,5,Sneha Desai,sneha.desai296@example.com,01/04/2026 04:03:20,01/04/2026 04:12:55,Partial,4,575,kiosk,
responses.csv,8791,duplicate_respondent_in_survey,20515,5,Meera Reddy,meera.reddy640@example.com,31/01/2026 08:23:42,31/01/2026 08:35:00,COMPLETED,2,678,whatsapp,
responses.csv,8808,duplicate_respondent_in_survey,16663,5,Karan Iyer,karan.iyer177@example.com,04/01/2026 00:45:30,,started,1,1663,kiosk,
responses.csv,8869,duplicate_respondent_in_survey,21114,5,Sanjay Reddy,sanjay.reddy616@example.com,28/02/2026 10:17:47,28/02/2026 10:34:56,Partial,1,1029,sms,
responses.csv,9030,duplicate_respondent_in_survey,16600,5,Kavya Nair,kavya.nair787@example.com,01/06/2026 04:20:26,,started,N/A,932,kiosk,
responses.csv,9076,duplicate_respondent_in_survey,22323,5,Karan Sharma,karan.sharma713@example.com,04/08/2026 21:23:23,,abandoned,3,1789,sms,
responses.csv,9079,duplicate_respondent_in_survey,4034,1,Meera Khan,meera.khan431@example.com,25/01/2026 08:19:08,25/01/2026 08:35:31,partial,,983,,
responses.csv,9105,duplicate_respondent_in_survey,7241,3,Arjun Patel,arjun.patel880@example.com,11/02/2026 22:23:18,11/02/2026 22:32:45,COMPLETED,4,567,whatsapp,
responses.csv,9320,duplicate_respondent_in_survey,6429,3,Sanjay Reddy,sanjay.reddy907@example.com,16/02/2026 18:11:51,16/02/2026 18:26:43,Completed,,892,,
responses.csv,9363,duplicate_respondent_in_survey,6229,3,Nisha Iyer,nisha.iyer907@example.com,14/01/2026 20:22:56,,started,1,1390,whatsapp,
responses.csv,9385,duplicate_respondent_in_survey,27390,5,Ananya Kulkarni,ananya.kulkarni629@example.com,08/06/2026 14:44:42,08/06/2026 14:59:41,partial,2,899,kiosk,
responses.csv,9412,duplicate_respondent_in_survey,32462,10,Karan Reddy,karan.reddy302@example.com,01/01/2026 15:56:44,01/01/2026 16:08:14,Partial,4,690,email,
responses.csv,9482,duplicate_respondent_in_survey,3379,1,Divya Menon,divya.menon13@example.com,27/04/2026 07:58:09,27/04/2026 08:05:46,Completed,5,457,sms,
responses.csv,9502,duplicate_respondent_in_survey,6596,3,Aditya Desai,aditya.desai124@example.com,02/01/2026 11:19:32,02/01/2026 11:43:55,Partial,3,1463,kiosk,
responses.csv,9507,duplicate_respondent_in_survey,20927,5,Sneha Desai,sneha.desai839@example.com,15/01/2026 22:44:52,,abandoned,N/A,150,kiosk,
responses.csv,9583,duplicate_respondent_in_survey,10158,3,Arjun Bose,arjun.bose794@example.com,19/01/2026 00:08:13,19/01/2026 00:36:27,Completed,N/A,1694,,
responses.csv,9676,duplicate_respondent_in_survey,25530,5,Kavya Patel,kavya.patel242@example.com,14/06/2026 22:14:47,14/06/2026 22:42:26,completed,2,1659,sms,
responses.csv,9787,duplicate_respondent_in_survey,8810,3,Ananya Menon,ananya.menon154@example.com,01/07/2026 22:51:45,,started,3,1024,,
responses.csv,9832,duplicate_respondent_in_survey,33077,10,Vikram Fernandes,vikram.fernandes173@example.com,19/05/2026 00:23:32,19/05/2026 00:47:15,Partial,,1423,whatsapp,
responses.csv,9854,duplicate_respondent_in_survey,14338,4,Vikram Gupta,vikram.gupta667@example.com,08/02/2026 10:31:13,,abandoned,2,1329,sms,
responses.csv,9869,duplicate_respondent_in_survey,22778,5,Karan Sharma,karan.sharma783@example.com,05/04/2026 10:15:10,05/04/2026 10:33:00,Partial,4,1070,sms,
responses.csv,9896,duplicate_respondent_in_survey,15550,4,Vikram Kulkarni,vikram.kulkarni21@example.com,31/01/2026 16:08:12,,started,,1260,whatsapp,
responses.csv,9948,duplicate_respondent_in_survey,17387,5,Meera Kulkarni,meera.kulkarni585@example.com,08/03/2026 10:22:59,08/03/2026 10:42:55,completed,N/A,1196,kiosk,
responses.csv,10067,duplicate_respondent_in_survey,23326,5,Amit Chatterjee,amit.chatterjee478@example.com,22/03/2026 01:31:07,22/03/2026 01:45:20,Completed,4,853,kiosk,
responses.csv,10089,duplicate_respondent_in_survey,18703,5,Rahul Joshi,rahul.joshi413@example.com,11/06/2026 17:03:50,11/06/2026 17:20:13,completed,3,983,whatsapp,
responses.csv,10111,duplicate_respondent_in_survey,8341,3,Divya Gupta,divya.gupta82@example.com,03/07/2026 08:45:10,,abandoned,5,142,whatsapp,
responses.csv,10192,duplicate_respondent_in_survey,27812,5,Sneha Gupta,sneha.gupta833@example.com,23/05/2026 22:52:08,,abandoned,N/A,686,whatsapp,
responses.csv,10306,duplicate_respondent_in_survey,24497,5,Sanjay Rao,sanjay.rao939@example.com,07/02/2026 05:27:10,07/02/2026 05:55:10,partial,4,1680,email,
responses.csv,10356,duplicate_respondent_in_survey,21149,5,Amit Rao,amit.rao626@example.com,31/07/2026 06:25:18,31/07/2026 06:38:28,partial,5,790,,
responses.csv,10461,duplicate_respondent_in_survey,32762,10,Rahul Bose,rahul.bose743@example.com,16/01/2026 02:44:34,16/01/2026 02:59:22,Completed,2,888,sms,
responses.csv,10476,duplicate_respondent_in_survey,13462,4,Arjun Patel,arjun.patel574@example.com,02/05/2026 07:54:04,02/05/2026 08:13:00,partial,,1136,,
responses.csv,10524,duplicate_respondent_in_survey,25232,5,Aditya Kulkarni,aditya.kulkarni926@example.com,05/06/2026 19:21:55,05/06/2026 19:47:55,Partial,2,1560,email,
responses.csv,10568,duplicate_respondent_in_survey,2262,1,Nisha Nair,nisha.nair299@example.com,10/02/2026 14:54:01,10/02/2026 15:10:48,Completed,N/A,1007,sms,
responses.csv,10652,duplicate_respondent_in_survey,16473,5,Aditya Rao,aditya.rao975@example.com,24/03/2026 17:08:45,24/03/2026 17:09:07,Partial,N/A,22,kiosk,
responses.csv,10677,duplicate_respondent_in_survey,3461,1,Divya Kulkarni,divya.kulkarni168@example.com,11/02/2026 05:08:24,,abandoned,,254,email,
responses.csv,10830,duplicate_respondent_in_survey,6041,3,Ananya Khan,ananya.khan968@example.com,17/02/2026 17:16:49,17/02/2026 17:42:57,Partial,,1568,whatsapp,
responses.csv,10844,duplicate_respondent_in_survey,38773,12,Meera Nair,meera.nair811@example.com,19/07/2026 22:18:34,19/07/2026 22:19:42,Partial,N/A,68,,
responses.csv,10904,duplicate_respondent_in_survey,22109,5,Amit Desai,amit.desai33@example.com,02/04/2026 18:27:23,,started,N/A,1455,sms,
responses.csv,10909,duplicate_respondent_in_survey,25383,5,Nisha Bose,nisha.bose255@example.com,19/01/2026 04:31:41,,abandoned,N/A,418,email,
responses.csv,10917,duplicate_respondent_in_survey,10052,3,Meera Desai,meera.desai805@example.com,22/03/2026 19:17:43,,abandoned,5,569,email,
responses.csv,10997,duplicate_respondent_in_survey,22363,5,Sanjay Khan,sanjay.khan324@example.com,23/05/2026 08:12:51,23/05/2026 08:40:28,Partial,3,1657,kiosk,
responses.csv,11087,duplicate_respondent_in_survey,13143,4,Sneha Iyer,sneha.iyer776@example.com,07/01/2026 10:28:05,07/01/2026 10:48:20,completed,3,1215,sms,
responses.csv,11132,duplicate_respondent_in_survey,21951,5,Karan Bose,karan.bose396@example.com,03/07/2026 04:02:29,,started,4,485,kiosk,
responses.csv,11135,duplicate_respondent_in_survey,26502,5,Sanjay Sharma,sanjay.sharma891@example.com,05/08/2026 23:13:33,,started,2,1595,whatsapp,
responses.csv,11152,duplicate_respondent_in_survey,10188,3,Sanjay Sharma,sanjay.sharma728@example.com,14/07/2026 08:29:28,14/07/2026 08:51:09,partial,N/A,1301,email,
responses.csv,11154,duplicate_respondent_in_survey,25804,5,Pooja Iyer,pooja.iyer852@example.com,11/01/2026 03:09:27,11/01/2026 03:37:58,partial,N/A,1711,kiosk,
responses.csv,11356,duplicate_respondent_in_survey,19644,5,Rohit Bose,rohit.bose810@example.com,14/03/2026 23:11:46,,abandoned,5,844,whatsapp,
responses.csv,11441,duplicate_respondent_in_survey,33366,10,Sanjay Desai,sanjay.desai558@example.com,03/04/2026 10:21:48,03/04/2026 10:51:32,partial,4,1784,,
responses.csv,11456,duplicate_respondent_in_survey,4667,3,Rohit Rao,rohit.rao752@example.com,23/02/2026 19:57:37,23/02/2026 20:27:17,partial,5,1780,,
responses.csv,11544,duplicate_respondent_in_survey,22571,5,Divya Joshi,divya.joshi990@example.com,09/02/2026 04:36:34,,abandoned,4,1407,email,
responses.csv,11650,duplicate_respondent_in_survey,25387,5,Kavya Desai,kavya.desai170@example.com,04/01/2026 18:42:33,04/01/2026 19:11:59,completed,4,1766,,
responses.csv,11792,duplicate_respondent_in_survey,8740,3,Rahul Rao,rahul.rao959@example.com,19/05/2026 19:20:54,,abandoned,1,265,kiosk,
responses.csv,11924,duplicate_respondent_in_survey,38189,12,Amit Bose,amit.bose884@example.com,23/01/2026 12:50:44,23/01/2026 13:06:33,completed,1,949,whatsapp,
responses.csv,11927,duplicate_respondent_in_survey,25147,5,Nisha Rao,nisha.rao913@example.com,02/08/2026 07:46:07,02/08/2026 07:57:48,Partial,5,701,sms,
responses.csv,11967,duplicate_respondent_in_survey,21587,5,Divya Nair,divya.nair937@example.com,15/06/2026 15:58:04,15/06/2026 16:17:52,partial,N/A,1188,whatsapp,
responses.csv,12018,duplicate_respondent_in_survey,15088,4,Karan Fernandes,karan.fernandes501@example.com,25/01/2026 12:45:59,,abandoned,4,1392,whatsapp,
responses.csv,12031,duplicate_respondent_in_survey,24444,5,Pooja Gupta,pooja.gupta706@example.com,15/02/2026 16:29:07,15/02/2026 16:53:23,partial,5,1456,sms,
responses.csv,12057,duplicate_respondent_in_survey,22297,5,Rahul Sharma,rahul.sharma635@example.com,27/06/2026 00:50:45,27/06/2026 01:19:06,Partial,1,1701,kiosk,
responses.csv,12098,duplicate_respondent_in_survey,11958,4,Sanjay Desai,sanjay.desai750@example.com,02/03/2026 08:39:38,02/03/2026 08:55:46,partial,3,968,kiosk,
responses.csv,12168,duplicate_respondent_in_survey,4111,1,Sneha Rao,sneha.rao1@example.com,27/02/2026 15:51:00,,started,4,203,email,
responses.csv,12282,duplicate_respondent_in_survey,22340,5,Meera Kulkarni,meera.kulkarni67@example.com,06/02/2026 05:48:41,,abandoned,,1082,kiosk,
responses.csv,12333,duplicate_respondent_in_survey,6008,3,Pooja Menon,pooja.menon765@example.com,20/04/2026 14:01:11,,abandoned,N/A,1608,whatsapp,
responses.csv,12346,duplicate_respondent_in_survey,16870,5,Rohit Reddy,rohit.reddy48@example.com,19/02/2026 00:40:53,,abandoned,5,1436,kiosk,
responses.csv,12429,duplicate_respondent_in_survey,36343,12,Ananya Joshi,ananya.joshi487@example.com,14/04/2026 08:01:31,14/04/2026 08:31:16,Completed,1,1785,,
responses.csv,12493,duplicate_respondent_in_survey,9874,3,Sneha Reddy,sneha.reddy294@example.com,10/07/2026 23:31:47,10/07/2026 23:35:09,partial,3,202,sms,
responses.csv,12546,duplicate_respondent_in_survey,12034,4,Sneha Iyer,sneha.iyer686@example.com,22/04/2026 12:31:03,22/04/2026 12:42:44,Completed,4,701,whatsapp,
responses.csv,12566,duplicate_respondent_in_survey,24840,5,Vikram Reddy,vikram.reddy416@example.com,09/04/2026 19:03:17,09/04/2026 19:09:47,Partial,,390,email,
responses.csv,12779,duplicate_respondent_in_survey,14328,4,Nisha Rao,nisha.rao896@example.com,07/02/2026 03:19:22,07/02/2026 03:38:19,COMPLETED,3,1137,,
responses.csv,12968,duplicate_respondent_in_survey,32925,10,Arjun Rao,arjun.rao44@example.com,13/02/2026 14:52:35,,started,2,1690,email,
responses.csv,12982,duplicate_respondent_in_survey,19595,5,Priya Patel,priya.patel103@example.com,03/05/2026 04:55:46,,abandoned,2,433,,
responses.csv,13001,duplicate_respondent_in_survey,16996,5,Kavya Sharma,kavya.sharma243@example.com,03/02/2026 01:43:08,03/02/2026 01:54:29,Partial,1,681,whatsapp,
responses.csv,13071,duplicate_respondent_in_survey,29544,7,Aditya Gupta,aditya.gupta447@example.com,26/07/2026 05:53:29,26/07/2026 06:14:51,Partial,,1282,kiosk,
responses.csv,13137,duplicate_respondent_in_survey,34378,10,Karan Gupta,karan.gupta514@example.com,28/07/2026 01:40:34,,abandoned,2,970,kiosk,
responses.csv,13148,duplicate_respondent_in_survey,23351,5,Divya Fernandes,divya.fernandes972@example.com,14/03/2026 16:20:13,14/03/2026 16:24:37,Partial,3,264,whatsapp,
responses.csv,13175,duplicate_respondent_in_survey,14739,4,Rahul Iyer,rahul.iyer724@example.com,28/06/2026 05:14:44,28/06/2026 05:18:59,Partial,2,255,sms,
responses.csv,13237,duplicate_respondent_in_survey,26262,5,Vikram Desai,vikram.desai462@example.com,08/06/2026 20:42:31,,abandoned,N/A,1712,whatsapp,
responses.csv,13276,duplicate_respondent_in_survey,27073,5,Divya Iyer,divya.iyer665@example.com,12/01/2026 13:51:15,,started,3,1123,sms,
responses.csv,13387,duplicate_respondent_in_survey,17743,5,Aditya Iyer,aditya.iyer238@example.com,09/04/2026 04:24:40,09/04/2026 04:48:14,Partial,2,1414,sms,
responses.csv,13625,duplicate_respondent_in_survey,15955,4,Rohit Menon,rohit.menon267@example.com,22/01/2026 13:11:03,22/01/2026 13:17:22,Partial,1,379,sms,
responses.csv,13793,duplicate_respondent_in_survey,19974,5,Rahul Gupta,rahul.gupta998@example.com,21/01/2026 21:08:11,21/01/2026 21:18:53,Completed,2,642,email,
responses.csv,13830,duplicate_respondent_in_survey,7827,3,Meera Patel,meera.patel362@example.com,09/04/2026 09:30:52,09/04/2026 09:35:28,Partial,5,276,whatsapp,
responses.csv,13953,duplicate_respondent_in_survey,19986,5,Divya Patel,divya.patel936@example.com,03/04/2026 19:34:48,03/04/2026 19:36:07,Partial,4,79,kiosk,
responses.csv,14051,duplicate_respondent_in_survey,11629,4,Amit Reddy,amit.reddy404@example.com,04/06/2026 01:03:48,04/06/2026 01:13:37,Partial,4,589,sms,
responses.csv,14060,duplicate_respondent_in_survey,34502,10,Rahul Kulkarni,rahul.kulkarni898@example.com,28/06/2026 07:06:58,,abandoned,2,600,kiosk,
responses.csv,14090,duplicate_respondent_in_survey,18511,5,Rahul Reddy,rahul.reddy860@example.com,19/01/2026 22:50:21,19/01/2026 23:06:26,partial,,965,kiosk,
responses.csv,14148,duplicate_respondent_in_survey,25155,5,Divya Reddy,divya.reddy41@example.com,13/04/2026 19:05:01,,started,2,164,sms,
responses.csv,14255,duplicate_respondent_in_survey,21172,5,Vikram Rao,vikram.rao686@example.com,05/04/2026 18:24:10,,started,1,1104,email,
responses.csv,14363,duplicate_respondent_in_survey,25618,5,Ananya Desai,ananya.desai936@example.com,01/01/2026 12:51:57,01/01/2026 13:03:05,COMPLETED,1,668,whatsapp,
responses.csv,14400,duplicate_respondent_in_survey,18210,5,Vikram Iyer,vikram.iyer5@example.com,19/01/2026 07:46:57,19/01/2026 07:53:42,Partial,4,405,kiosk,
responses.csv,14404,duplicate_respondent_in_survey,21008,5,Arjun Rao,arjun.rao650@example.com,13/02/2026 05:15:43,13/02/2026 05:28:20,Completed,2,757,email,
responses.csv,14408,duplicate_respondent_in_survey,26284,5,Divya Gupta,divya.gupta741@example.com,24/01/2026 14:01:15,24/01/2026 14:22:46,completed,3,1291,,
responses.csv,14419,duplicate_respondent_in_survey,17150,5,Nisha Rao,nisha.rao930@example.com,10/05/2026 03:17:02,,abandoned,1,645,email,
responses.csv,14519,duplicate_respondent_in_survey,27850,5,Pooja Iyer,pooja.iyer284@example.com,11/01/2026 17:33:17,,abandoned,5,1754,email,
responses.csv,14578,duplicate_respondent_in_survey,4018,1,Meera Nair,meera.nair765@example.com,29/07/2026 00:07:52,29/07/2026 00:14:33,Partial,4,401,whatsapp,
responses.csv,14876,duplicate_respondent_in_survey,26053,5,Sneha Kulkarni,sneha.kulkarni611@example.com,27/05/2026 01:46:51,,started,3,1352,kiosk,
responses.csv,14969,duplicate_respondent_in_survey,4059,1,Arjun Joshi,arjun.joshi331@example.com,18/06/2026 20:34:53,,abandoned,N/A,1314,whatsapp,
responses.csv,14983,duplicate_respondent_in_survey,15340,4,Rohit Menon,rohit.menon641@example.com,03/01/2026 16:31:54,03/01/2026 16:33:05,Partial,1,71,kiosk,
responses.csv,15092,duplicate_respondent_in_survey,8238,3,Rohit Reddy,rohit.reddy836@example.com,19/07/2026 05:22:36,19/07/2026 05:37:34,Completed,5,898,kiosk,
responses.csv,15103,duplicate_respondent_in_survey,25196,5,Aditya Rao,aditya.rao897@example.com,20/05/2026 23:32:02,20/05/2026 23:52:25,partial,,1223,kiosk,
responses.csv,15193,duplicate_respondent_in_survey,25180,5,Karan Gupta,karan.gupta878@example.com,28/04/2026 07:18:37,28/04/2026 07:22:04,partial,3,207,,
responses.csv,15284,duplicate_respondent_in_survey,9171,3,Priya Iyer,priya.iyer281@example.com,09/03/2026 04:26:02,09/03/2026 04:47:16,Completed,5,1274,,
responses.csv,15369,duplicate_respondent_in_survey,3009,1,Nisha Sharma,nisha.sharma107@example.com,13/04/2026 03:36:27,,abandoned,4,1037,whatsapp,
responses.csv,15401,duplicate_respondent_in_survey,24764,5,Vikram Khan,vikram.khan764@example.com,20/07/2026 15:39:52,20/07/2026 15:55:59,partial,,967,whatsapp,
responses.csv,15585,duplicate_respondent_in_survey,19936,5,Meera Bose,meera.bose839@example.com,26/02/2026 03:54:09,26/02/2026 04:03:17,Partial,1,548,email,
responses.csv,15705,duplicate_respondent_in_survey,25102,5,Arjun Bose,arjun.bose662@example.com,05/03/2026 23:26:58,,abandoned,3,1620,,
responses.csv,15715,duplicate_respondent_in_survey,30773,7,Kavya Menon,kavya.menon278@example.com,10/01/2026 09:31:43,10/01/2026 09:43:48,Completed,1,725,kiosk,
responses.csv,15789,duplicate_respondent_in_survey,13858,4,Amit Khan,amit.khan929@example.com,15/06/2026 11:46:01,,abandoned,2,1454,sms,
responses.csv,15912,duplicate_respondent_in_survey,23281,5,Sanjay Khan,sanjay.khan645@example.com,28/04/2026 14:34:21,28/04/2026 14:56:58,Partial,5,1357,whatsapp,
responses.csv,15941,duplicate_respondent_in_survey,3260,1,Nisha Chatterjee,nisha.chatterjee22@example.com,02/02/2026 12:19:18,,started,,261,whatsapp,
responses.csv,16010,duplicate_respondent_in_survey,22031,5,Aditya Gupta,aditya.gupta993@example.com,06/02/2026 18:01:43,,started,4,353,kiosk,
responses.csv,16073,duplicate_respondent_in_survey,10027,3,Sneha Nair,sneha.nair147@example.com,20/06/2026 01:34:04,,started,N/A,177,kiosk,
responses.csv,16114,duplicate_respondent_in_survey,17853,5,Karan Nair,karan.nair415@example.com,10/04/2026 04:00:24,10/04/2026 04:09:43,completed,N/A,559,email,
responses.csv,16150,duplicate_respondent_in_survey,21858,5,Ananya Kulkarni,ananya.kulkarni262@example.com,19/02/2026 12:48:25,,started,5,1227,kiosk,
responses.csv,16182,duplicate_respondent_in_survey,10289,3,Kavya Bose,kavya.bose870@example.com,02/04/2026 10:33:05,02/04/2026 10:57:42,completed,5,1477,email,
responses.csv,16210,duplicate_respondent_in_survey,23405,5,Sneha Reddy,sneha.reddy745@example.com,02/05/2026 05:22:55,02/05/2026 05:50:04,partial,3,1629,whatsapp,
responses.csv,16273,duplicate_respondent_in_survey,21690,5,Priya Iyer,priya.iyer320@example.com,21/01/2026 21:31:40,,abandoned,5,1178,email,
responses.csv,16300,duplicate_respondent_in_survey,24005,5,Aditya Sharma,aditya.sharma823@example.com,19/04/2026 08:56:01,,started,5,892,sms,
responses.csv,16507,duplicate_respondent_in_survey,36586,12,Aditya Patel,aditya.patel58@example.com,04/03/2026 20:57:37,,abandoned,1,1341,email,
responses.csv,16589,duplicate_respondent_in_survey,27966,5,Sneha Desai,sneha.desai569@example.com,06/08/2026 04:47:35,06/08/2026 05:01:03,partial,1,808,email,
responses.csv,16624,duplicate_respondent_in_survey,24826,5,Sneha Fernandes,sneha.fernandes301@example.com,18/02/2026 22:54:18,18/02/2026 23:03:37,partial,N/A,559,email,
responses.csv,16918,duplicate_respondent_in_survey,23128,5,Vikram Patel,vikram.patel929@example.com,19/01/2026 01:08:02,,abandoned,5,1421,sms,
responses.csv,16945,duplicate_respondent_in_survey,10924,3,Nisha Menon,nisha.menon697@example.com,30/04/2026 22:15:18,30/04/2026 22:26:10,COMPLETED,3,652,kiosk,
responses.csv,16947,duplicate_respondent_in_survey,12896,4,Divya Khan,divya.khan5@example.com,06/01/2026 10:27:07,,started,1,1645,whatsapp,
responses.csv,16965,duplicate_respondent_in_survey,9020,3,Divya Fernandes,divya.fernandes478@example.com,23/05/2026 10:49:06,23/05/2026 10:59:34,partial,4,628,whatsapp,
responses.csv,17011,duplicate_respondent_in_survey,23444,5,Priya Bose,priya.bose4@example.com,04/06/2026 07:15:08,,started,1,184,whatsapp,
responses.csv,17019,duplicate_respondent_in_survey,11358,3,Amit Patel,amit.patel203@example.com,12/05/2026 00:38:51,,started,N/A,1552,sms,
responses.csv,17117,duplicate_respondent_in_survey,15128,4,Karan Menon,karan.menon665@example.com,12/05/2026 20:45:21,,started,2,589,sms,
responses.csv,17121,duplicate_respondent_in_survey,23650,5,Pooja Desai,pooja.desai620@example.com,05/08/2026 03:06:10,05/08/2026 03:22:34,Partial,,984,kiosk,
responses.csv,17133,duplicate_respondent_in_survey,18547,5,Nisha Chatterjee,nisha.chatterjee765@example.com,07/02/2026 18:11:18,07/02/2026 18:29:43,completed,,1105,whatsapp,
responses.csv,17161,duplicate_respondent_in_survey,19105,5,Karan Bose,karan.bose715@example.com,19/03/2026 03:14:36,,started,4,118,sms,
responses.csv,17311,duplicate_respondent_in_survey,27606,5,Arjun Desai,arjun.desai887@example.com,08/06/2026 16:37:55,,abandoned,4,1595,,
responses.csv,17356,duplicate_respondent_in_survey,30071,7,Nisha Patel,nisha.patel274@example.com,25/05/2026 11:54:59,,started,,503,whatsapp,
responses.csv,17405,duplicate_respondent_in_survey,32229,10,Aditya Menon,aditya.menon109@example.com,13/02/2026 00:51:49,13/02/2026 00:53:11,Partial,1,82,email,
responses.csv,17619,duplicate_respondent_in_survey,32367,10,Aditya Chatterjee,aditya.chatterjee815@example.com,15/02/2026 07:17:40,,started,,1065,sms,
responses.csv,17638,duplicate_respondent_in_survey,25495,5,Kavya Reddy,kavya.reddy377@example.com,22/03/2026 20:07:12,,abandoned,4,701,whatsapp,
responses.csv,17784,duplicate_respondent_in_survey,32950,10,Rohit Kulkarni,rohit.kulkarni678@example.com,02/07/2026 15:32:27,,abandoned,5,565,email,
responses.csv,17819,duplicate_respondent_in_survey,28028,5,Ananya Bose,ananya.bose869@example.com,19/06/2026 15:00:13,,abandoned,,440,email,
responses.csv,17977,duplicate_respondent_in_survey,9951,3,Nisha Menon,nisha.menon750@example.com,29/01/2026 21:21:19,,started,,1303,sms,
responses.csv,17998,duplicate_respondent_in_survey,11003,3,Arjun Kulkarni,arjun.kulkarni849@example.com,28/04/2026 11:11:11,28/04/2026 11:17:38,Partial,5,387,,
responses.csv,18068,duplicate_respondent_in_survey,6945,3,Kavya Bose,kavya.bose74@example.com,29/01/2026 05:42:53,,started,,1172,whatsapp,
responses.csv,18093,duplicate_respondent_in_survey,24616,5,Rohit Gupta,rohit.gupta605@example.com,28/06/2026 13:45:57,,started,1,727,email,
responses.csv,18392,duplicate_respondent_in_survey,23952,5,Ananya Iyer,ananya.iyer677@example.com,15/01/2026 13:27:20,15/01/2026 13:40:15,partial,2,775,whatsapp,
responses.csv,18522,duplicate_respondent_in_survey,38094,12,Pooja Nair,pooja.nair14@example.com,02/03/2026 08:02:13,02/03/2026 08:25:17,Partial,5,1384,kiosk,
responses.csv,18544,duplicate_respondent_in_survey,18267,5,Divya Nair,divya.nair743@example.com,14/05/2026 04:58:31,,abandoned,5,1525,email,
responses.csv,18636,duplicate_respondent_in_survey,37523,12,Ananya Rao,ananya.rao558@example.com,27/02/2026 01:29:16,27/02/2026 01:51:45,partial,N/A,1349,email,
responses.csv,18662,duplicate_respondent_in_survey,31855,10,Divya Chatterjee,divya.chatterjee762@example.com,08/06/2026 21:25:55,08/06/2026 21:28:40,partial,5,165,whatsapp,
responses.csv,18680,duplicate_respondent_in_survey,18573,5,Amit Joshi,amit.joshi216@example.com,19/07/2026 13:29:37,19/07/2026 13:41:53,partial,,736,kiosk,
responses.csv,18787,duplicate_respondent_in_survey,36439,12,Amit Chatterjee,amit.chatterjee100@example.com,21/04/2026 04:35:31,,started,N/A,1335,whatsapp,
responses.csv,18831,duplicate_respondent_in_survey,14398,4,Priya Menon,priya.menon668@example.com,07/01/2026 16:36:06,07/01/2026 16:59:34,partial,3,1408,whatsapp,
responses.csv,18841,duplicate_respondent_in_survey,5124,3,Rahul Chatterjee,rahul.chatterjee257@example.com,17/04/2026 15:25:09,17/04/2026 15:48:46,Partial,3,1417,kiosk,
responses.csv,18882,duplicate_respondent_in_survey,36027,12,Arjun Sharma,arjun.sharma466@example.com,01/08/2026 09:58:19,01/08/2026 10:27:47,Partial,2,1768,kiosk,
responses.csv,18895,duplicate_respondent_in_survey,21320,5,Sanjay Chatterjee,sanjay.chatterjee278@example.com,13/06/2026 02:49:35,13/06/2026 02:58:31,Partial,,536,sms,
responses.csv,18978,duplicate_respondent_in_survey,26547,5,Amit Menon,amit.menon508@example.com,21/05/2026 23:48:08,,started,N/A,807,whatsapp,
responses.csv,19084,duplicate_respondent_in_survey,24519,5,Amit Fernandes,amit.fernandes490@example.com,09/01/2026 07:43:01,,started,4,1397,,
responses.csv,19130,duplicate_respondent_in_survey,21631,5,Pooja Fernandes,pooja.fernandes181@example.com,03/08/2026 13:15:00,,started,,414,email,
responses.csv,19166,duplicate_respondent_in_survey,18042,5,Arjun Nair,arjun.nair137@example.com,04/06/2026 06:43:20,04/06/2026 06:46:00,Partial,N/A,160,kiosk,
responses.csv,19172,duplicate_respondent_in_survey,16910,5,Nisha Iyer,nisha.iyer856@example.com,06/03/2026 09:59:36,06/03/2026 10:14:54,Partial,4,918,,
responses.csv,19180,duplicate_respondent_in_survey,8156,3,Pooja Rao,pooja.rao680@example.com,28/01/2026 06:16:45,28/01/2026 06:26:08,Completed,4,563,email,
responses.csv,19232,duplicate_respondent_in_survey,2524,1,Aditya Kulkarni,aditya.kulkarni933@example.com,26/07/2026 02:19:17,,started,N/A,960,sms,
responses.csv,19370,duplicate_respondent_in_survey,34556,10,Divya Menon,divya.menon880@example.com,01/03/2026 22:18:40,,abandoned,1,1578,,
responses.csv,19397,duplicate_respondent_in_survey,20291,5,Sneha Sharma,sneha.sharma857@example.com,11/02/2026 08:30:28,,abandoned,1,986,sms,
responses.csv,19413,duplicate_respondent_in_survey,24304,5,Pooja Nair,pooja.nair447@example.com,27/04/2026 10:25:29,,started,N/A,778,email,
responses.csv,19490,duplicate_respondent_in_survey,20940,5,Arjun Reddy,arjun.reddy209@example.com,04/05/2026 03:47:58,,started,2,41,sms,
responses.csv,19531,duplicate_respondent_in_survey,27540,5,Aditya Sharma,aditya.sharma877@example.com,06/03/2026 10:28:59,,started,1,1699,sms,
responses.csv,19556,duplicate_respondent_in_survey,36062,12,Meera Sharma,meera.sharma883@example.com,03/03/2026 00:53:56,03/03/2026 01:06:06,partial,2,730,kiosk,
responses.csv,19653,duplicate_respondent_in_survey,30440,7,Divya Reddy,divya.reddy436@example.com,22/03/2026 05:28:43,22/03/2026 05:31:31,Partial,3,168,email,
responses.csv,19654,duplicate_respondent_in_survey,14531,4,Vikram Iyer,vikram.iyer510@example.com,30/01/2026 11:36:54,30/01/2026 11:45:46,Partial,N/A,532,whatsapp,
responses.csv,19766,duplicate_respondent_in_survey,27245,5,Vikram Bose,vikram.bose880@example.com,02/03/2026 05:46:31,02/03/2026 06:03:29,partial,4,1018,,
responses.csv,19782,duplicate_respondent_in_survey,8477,3,Vikram Menon,vikram.menon297@example.com,13/02/2026 21:00:54,,abandoned,1,472,whatsapp,
responses.csv,19821,duplicate_respondent_in_survey,34973,10,Rohit Bose,rohit.bose180@example.com,28/02/2026 09:42:56,,abandoned,2,663,kiosk,
responses.csv,19830,duplicate_respondent_in_survey,26071,5,Amit Kulkarni,amit.kulkarni290@example.com,11/03/2026 18:18:02,11/03/2026 18:34:35,partial,5,993,email,
responses.csv,20170,duplicate_respondent_in_survey,3701,1,Sneha Reddy,sneha.reddy854@example.com,27/07/2026 13:10:03,,started,N/A,862,sms,
responses.csv,20183,duplicate_respondent_in_survey,7920,3,Karan Joshi,karan.joshi40@example.com,06/03/2026 13:12:53,06/03/2026 13:22:18,Partial,1,565,,
responses.csv,20187,duplicate_respondent_in_survey,20440,5,Sneha Reddy,sneha.reddy395@example.com,30/05/2026 06:28:03,,abandoned,N/A,908,kiosk,
responses.csv,20191,duplicate_respondent_in_survey,19241,5,Amit Gupta,amit.gupta617@example.com,25/06/2026 06:59:40,,started,4,203,sms,
responses.csv,20244,duplicate_respondent_in_survey,10184,3,Arjun Rao,arjun.rao959@example.com,16/07/2026 23:32:52,16/07/2026 23:52:11,partial,3,1159,email,
responses.csv,20342,duplicate_respondent_in_survey,21502,5,Ananya Bose,ananya.bose792@example.com,10/01/2026 21:04:06,,started,N/A,1408,,
responses.csv,20380,duplicate_respondent_in_survey,24534,5,Rohit Gupta,rohit.gupta2@example.com,29/01/2026 12:31:54,29/01/2026 12:39:43,Partial,,469,kiosk,
responses.csv,20446,duplicate_respondent_in_survey,4729,3,Aditya Desai,aditya.desai250@example.com,21/04/2026 16:48:39,21/04/2026 16:49:25,Partial,1,46,kiosk,
responses.csv,20456,duplicate_respondent_in_survey,25676,5,Amit Patel,amit.patel629@example.com,29/06/2026 11:03:44,29/06/2026 11:09:24,completed,1,340,email,
responses.csv,20480,duplicate_respondent_in_survey,23838,5,Pooja Desai,pooja.desai964@example.com,03/07/2026 20:56:33,,abandoned,N/A,412,whatsapp,
responses.csv,20488,duplicate_respondent_in_survey,27322,5,Ananya Bose,ananya.bose286@example.com,04/06/2026 10:52:18,,started,5,1215,email,
responses.csv,20502,duplicate_respondent_in_survey,3847,1,Sneha Desai,sneha.desai696@example.com,11/05/2026 17:27:09,,started,1,449,,
responses.csv,20523,duplicate_respondent_in_survey,21404,5,Sneha Fernandes,sneha.fernandes943@example.com,22/07/2026 18:04:35,22/07/2026 18:07:51,partial,5,196,email,
responses.csv,20530,duplicate_respondent_in_survey,6023,3,Rohit Menon,rohit.menon285@example.com,04/06/2026 07:17:41,,abandoned,,465,whatsapp,
responses.csv,20604,duplicate_respondent_in_survey,18871,5,Ananya Rao,ananya.rao900@example.com,07/02/2026 08:06:58,07/02/2026 08:14:02,completed,2,424,sms,
responses.csv,20612,duplicate_respondent_in_survey,5903,3,Pooja Kulkarni,pooja.kulkarni482@example.com,04/05/2026 17:08:04,04/05/2026 17:21:40,partial,3,816,kiosk,
responses.csv,20698,duplicate_respondent_in_survey,21983,5,Nisha Gupta,nisha.gupta536@example.com,30/04/2026 16:00:25,,started,4,253,kiosk,
responses.csv,20713,duplicate_respondent_in_survey,17048,5,Sanjay Chatterjee,sanjay.chatterjee278@example.com,08/03/2026 12:30:45,,started,4,1165,,
responses.csv,20854,duplicate_respondent_in_survey,8449,3,Aditya Khan,aditya.khan121@example.com,24/04/2026 09:06:13,,started,5,1710,email,
responses.csv,20885,duplicate_respondent_in_survey,10615,3,Rahul Fernandes,rahul.fernandes365@example.com,12/07/2026 11:04:31,12/07/2026 11:21:46,Partial,N/A,1035,sms,
responses.csv,20891,duplicate_respondent_in_survey,19640,5,Ananya Khan,ananya.khan797@example.com,16/03/2026 11:28:12,16/03/2026 11:35:33,Partial,,441,whatsapp,
responses.csv,20991,duplicate_respondent_in_survey,19579,5,Vikram Chatterjee,vikram.chatterjee27@example.com,03/05/2026 02:05:30,,abandoned,3,281,email,
responses.csv,21059,duplicate_respondent_in_survey,26710,5,Sneha Khan,sneha.khan935@example.com,15/06/2026 00:26:43,15/06/2026 00:33:34,Partial,5,411,email,
responses.csv,21211,duplicate_respondent_in_survey,8607,3,Kavya Patel,kavya.patel467@example.com,06/04/2026 13:12:25,06/04/2026 13:13:42,Completed,3,77,whatsapp,
responses.csv,21246,duplicate_respondent_in_survey,16507,5,Divya Desai,divya.desai489@example.com,04/07/2026 14:01:19,04/07/2026 14:27:45,Partial,3,1586,whatsapp,
responses.csv,21296,duplicate_respondent_in_survey,7281,3,Meera Bose,meera.bose269@example.com,01/08/2026 15:04:52,01/08/2026 15:07:15,Partial,5,143,email,
responses.csv,21313,duplicate_respondent_in_survey,26780,5,Kavya Gupta,kavya.gupta126@example.com,05/05/2026 17:49:54,05/05/2026 18:02:00,Partial,1,726,kiosk,
responses.csv,21450,duplicate_respondent_in_survey,26514,5,Arjun Fernandes,arjun.fernandes940@example.com,28/03/2026 09:36:17,28/03/2026 09:52:43,Completed,1,986,email,
responses.csv,21525,duplicate_respondent_in_survey,20720,5,Amit Sharma,amit.sharma704@example.com,20/04/2026 09:42:29,,abandoned,,369,sms,
responses.csv,21560,duplicate_respondent_in_survey,9365,3,Aditya Bose,aditya.bose629@example.com,22/02/2026 13:24:42,,started,,922,whatsapp,
responses.csv,21595,duplicate_respondent_in_survey,4562,3,Rohit Iyer,rohit.iyer216@example.com,31/05/2026 21:47:20,31/05/2026 21:54:24,completed,4,424,sms,
responses.csv,21679,duplicate_respondent_in_survey,23741,5,Kavya Khan,kavya.khan425@example.com,14/03/2026 03:28:42,14/03/2026 03:55:29,completed,3,1607,,
responses.csv,21872,duplicate_respondent_in_survey,23998,5,Rohit Sharma,rohit.sharma684@example.com,07/04/2026 06:45:38,,started,5,738,sms,
responses.csv,21910,duplicate_respondent_in_survey,3649,1,Karan Nair,karan.nair983@example.com,11/03/2026 08:02:43,11/03/2026 08:15:40,Partial,5,777,,
responses.csv,22137,duplicate_respondent_in_survey,28142,5,Arjun Patel,arjun.patel790@example.com,26/01/2026 22:01:42,,abandoned,4,619,kiosk,
responses.csv,22138,duplicate_respondent_in_survey,23462,5,Pooja Nair,pooja.nair300@example.com,22/05/2026 05:55:13,,abandoned,3,1254,kiosk,
responses.csv,22171,duplicate_respondent_in_survey,34203,10,Kavya Fernandes,kavya.fernandes931@example.com,01/05/2026 07:51:29,01/05/2026 08:04:32,Partial,,783,,
responses.csv,22204,duplicate_respondent_in_survey,34437,10,Aditya Patel,aditya.patel206@example.com,01/01/2026 21:27:44,,abandoned,3,291,email,
responses.csv,22252,duplicate_respondent_in_survey,17016,5,Meera Kulkarni,meera.kulkarni132@example.com,12/05/2026 16:12:10,,started,,479,sms,
responses.csv,22261,duplicate_respondent_in_survey,8800,3,Amit Chatterjee,amit.chatterjee977@example.com,19/03/2026 13:26:34,19/03/2026 13:48:26,partial,5,1312,sms,
responses.csv,22466,duplicate_respondent_in_survey,11541,4,Sneha Gupta,sneha.gupta791@example.com,09/05/2026 15:46:05,,started,3,308,sms,
responses.csv,22511,duplicate_respondent_in_survey,17136,5,Rohit Kulkarni,rohit.kulkarni139@example.com,02/01/2026 23:59:59,03/01/2026 00:06:53,partial,3,414,whatsapp,
responses.csv,22631,rating_out_of_range,900009,6,Kavya Menon,kavya.menon@example.com,18/03/2026 10:00:00,18/03/2026 10:41:00,completed,9,"2,460",email,
responses.csv,22636,duplicate_respondent_in_survey,18097,5,Arjun Khan,arjun.khan946@example.com,06/08/2026 07:24:25,,started,5,1022,whatsapp,
responses.csv,22741,duplicate_respondent_in_survey,4467,3,Sneha Nair,sneha.nair8@example.com,17/02/2026 15:28:54,,started,5,56,,
responses.csv,22770,duplicate_respondent_in_survey,27543,5,Karan Chatterjee,karan.chatterjee610@example.com,16/02/2026 23:21:41,16/02/2026 23:45:03,Partial,,1402,,
responses.csv,22783,duplicate_respondent_in_survey,22007,5,Vikram Iyer,vikram.iyer394@example.com,24/01/2026 09:11:07,24/01/2026 09:28:30,partial,2,1043,sms,
responses.csv,22790,duplicate_respondent_in_survey,27560,5,Kavya Patel,kavya.patel877@example.com,21/01/2026 05:57:03,,abandoned,4,1342,email,
responses.csv,22812,duplicate_respondent_in_survey,17174,5,Sneha Kulkarni,sneha.kulkarni803@example.com,23/01/2026 22:39:47,23/01/2026 22:40:18,Completed,3,31,email,
responses.csv,22879,duplicate_respondent_in_survey,14373,4,Aditya Gupta,aditya.gupta514@example.com,02/03/2026 16:08:20,,abandoned,,1079,,
responses.csv,22935,duplicate_respondent_in_survey,5945,3,Aditya Joshi,aditya.joshi612@example.com,14/07/2026 10:53:11,,abandoned,,1686,email,
responses.csv,22975,duplicate_respondent_in_survey,18061,5,Divya Desai,divya.desai382@example.com,05/05/2026 06:51:59,05/05/2026 06:54:16,COMPLETED,3,137,whatsapp,
responses.csv,23035,duplicate_respondent_in_survey,17535,5,Ananya Menon,ananya.menon612@example.com,24/07/2026 00:05:47,24/07/2026 00:18:03,partial,3,736,sms,
responses.csv,23095,duplicate_respondent_in_survey,25260,5,Pooja Khan,pooja.khan16@example.com,29/01/2026 08:43:26,29/01/2026 08:52:01,partial,1,515,email,
responses.csv,23228,duplicate_respondent_in_survey,18586,5,Arjun Kulkarni,arjun.kulkarni837@example.com,22/03/2026 05:39:33,,started,2,977,kiosk,
responses.csv,23262,duplicate_respondent_in_survey,7990,3,Vikram Menon,vikram.menon424@example.com,17/04/2026 05:38:12,17/04/2026 05:48:18,COMPLETED,,606,sms,
responses.csv,23295,duplicate_respondent_in_survey,22225,5,Sanjay Sharma,sanjay.sharma896@example.com,10/04/2026 14:26:35,10/04/2026 14:52:32,partial,5,1557,,
responses.csv,23311,duplicate_respondent_in_survey,11808,4,Pooja Patel,pooja.patel420@example.com,15/02/2026 08:38:49,15/02/2026 08:50:35,Completed,3,706,sms,
responses.csv,23517,duplicate_respondent_in_survey,21013,5,Priya Patel,priya.patel780@example.com,18/04/2026 04:56:14,,started,N/A,1137,kiosk,
responses.csv,23611,duplicate_respondent_in_survey,18566,5,Arjun Reddy,arjun.reddy830@example.com,19/02/2026 20:54:35,19/02/2026 20:57:01,completed,N/A,146,whatsapp,
responses.csv,23628,duplicate_respondent_in_survey,21860,5,Nisha Menon,nisha.menon125@example.com,04/06/2026 12:22:19,04/06/2026 12:26:10,Completed,,231,kiosk,
responses.csv,23637,duplicate_respondent_in_survey,17042,5,Amit Reddy,amit.reddy496@example.com,09/03/2026 14:45:29,,started,N/A,227,whatsapp,
responses.csv,23693,duplicate_respondent_in_survey,17699,5,Meera Chatterjee,meera.chatterjee122@example.com,01/03/2026 17:14:53,,started,4,1022,whatsapp,
responses.csv,23935,duplicate_respondent_in_survey,10500,3,Amit Sharma,amit.sharma788@example.com,13/07/2026 22:41:52,13/07/2026 23:02:27,Partial,N/A,1235,whatsapp,
responses.csv,24216,duplicate_respondent_in_survey,11802,4,Aditya Nair,aditya.nair123@example.com,21/01/2026 04:53:19,,started,4,1576,,
responses.csv,24362,duplicate_respondent_in_survey,7115,3,Nisha Joshi,nisha.joshi135@example.com,30/05/2026 21:50:24,30/05/2026 22:15:34,Completed,5,1510,email,
responses.csv,24396,duplicate_respondent_in_survey,30464,7,Karan Joshi,karan.joshi563@example.com,07/03/2026 13:20:25,07/03/2026 13:24:51,partial,N/A,266,,
responses.csv,24494,duplicate_respondent_in_survey,23083,5,Ananya Patel,ananya.patel614@example.com,24/01/2026 15:31:23,24/01/2026 15:57:51,Partial,3,1588,,
responses.csv,24588,duplicate_respondent_in_survey,24910,5,Ananya Joshi,ananya.joshi596@example.com,22/02/2026 23:04:04,,abandoned,5,1670,whatsapp,
responses.csv,24618,duplicate_respondent_in_survey,38538,12,Arjun Nair,arjun.nair887@example.com,05/05/2026 12:21:17,05/05/2026 12:46:27,partial,5,1510,,
responses.csv,24622,duplicate_respondent_in_survey,5238,3,Karan Nair,karan.nair587@example.com,28/02/2026 06:46:22,,abandoned,,1710,whatsapp,
responses.csv,24649,duplicate_respondent_in_survey,7275,3,Pooja Bose,pooja.bose284@example.com,20/06/2026 01:40:12,,abandoned,5,1275,,
responses.csv,24786,duplicate_respondent_in_survey,3139,1,Vikram Bose,vikram.bose852@example.com,30/01/2026 00:38:53,30/01/2026 00:41:57,Partial,,184,kiosk,
responses.csv,24820,duplicate_respondent_in_survey,27252,5,Rohit Nair,rohit.nair375@example.com,20/03/2026 00:42:13,,started,4,336,whatsapp,
responses.csv,24824,duplicate_respondent_in_survey,3955,1,Kavya Reddy,kavya.reddy316@example.com,30/01/2026 01:58:40,30/01/2026 01:59:33,Completed,5,53,whatsapp,
responses.csv,24825,duplicate_respondent_in_survey,6774,3,Sneha Fernandes,sneha.fernandes178@example.com,02/02/2026 13:26:34,02/02/2026 13:28:26,completed,,112,kiosk,
responses.csv,24987,duplicate_respondent_in_survey,18074,5,Sneha Kulkarni,sneha.kulkarni194@example.com,19/01/2026 08:00:33,19/01/2026 08:02:00,Partial,1,87,kiosk,
responses.csv,25065,duplicate_respondent_in_survey,4705,3,Meera Bose,meera.bose992@example.com,03/06/2026 11:35:09,,started,3,547,email,
responses.csv,25067,duplicate_respondent_in_survey,15440,4,Aditya Kulkarni,aditya.kulkarni611@example.com,01/04/2026 18:06:47,01/04/2026 18:16:12,Partial,2,565,kiosk,
responses.csv,25190,duplicate_respondent_in_survey,17139,5,Divya Bose,divya.bose343@example.com,12/01/2026 02:55:55,12/01/2026 03:14:31,Completed,5,1116,sms,
responses.csv,25193,duplicate_respondent_in_survey,1845,1,Meera Gupta,meera.gupta847@example.com,03/02/2026 21:09:53,03/02/2026 21:17:13,partial,5,440,sms,
responses.csv,25252,duplicate_respondent_in_survey,25524,5,Amit Sharma,amit.sharma554@example.com,06/05/2026 19:59:07,06/05/2026 20:23:47,Completed,5,1480,,
responses.csv,25263,duplicate_respondent_in_survey,30403,7,Amit Nair,amit.nair378@example.com,18/02/2026 21:45:22,,abandoned,N/A,912,,
responses.csv,25282,duplicate_respondent_in_survey,16208,4,Pooja Rao,pooja.rao285@example.com,04/01/2026 18:39:23,04/01/2026 18:46:41,Partial,5,438,email,
responses.csv,25359,duplicate_respondent_in_survey,30176,7,Vikram Chatterjee,vikram.chatterjee487@example.com,19/05/2026 23:39:01,,started,,1479,,
responses.csv,25404,duplicate_respondent_in_survey,22614,5,Pooja Chatterjee,pooja.chatterjee589@example.com,06/02/2026 21:07:03,06/02/2026 21:28:08,partial,N/A,1265,kiosk,
responses.csv,25467,duplicate_respondent_in_survey,20396,5,Meera Rao,meera.rao746@example.com,12/04/2026 08:09:04,,started,1,1409,email,
responses.csv,25504,duplicate_respondent_in_survey,18188,5,Rahul Bose,rahul.bose132@example.com,11/01/2026 15:48:26,11/01/2026 15:55:50,completed,5,444,,
responses.csv,25627,duplicate_respondent_in_survey,21660,5,Vikram Fernandes,vikram.fernandes162@example.com,04/05/2026 05:35:45,04/05/2026 06:04:35,Partial,1,1730,kiosk,
responses.csv,25678,duplicate_respondent_in_survey,21798,5,Ananya Bose,ananya.bose693@example.com,21/05/2026 07:49:51,,started,,496,whatsapp,
responses.csv,25688,duplicate_respondent_in_survey,25813,5,Pooja Sharma,pooja.sharma513@example.com,27/06/2026 01:10:47,,abandoned,N/A,1356,,
responses.csv,25695,duplicate_respondent_in_survey,26489,5,Ananya Nair,ananya.nair253@example.com,05/05/2026 12:52:04,,abandoned,2,865,whatsapp,
responses.csv,25853,duplicate_respondent_in_survey,27387,5,Meera Nair,meera.nair213@example.com,16/06/2026 14:05:00,16/06/2026 14:10:32,COMPLETED,1,332,whatsapp,
responses.csv,25863,duplicate_respondent_in_survey,20117,5,Priya Bose,priya.bose226@example.com,11/07/2026 14:59:14,11/07/2026 15:18:41,partial,3,1167,,
responses.csv,25979,duplicate_respondent_in_survey,21354,5,Rahul Rao,rahul.rao605@example.com,29/03/2026 10:04:34,29/03/2026 10:11:16,Completed,5,402,sms,
responses.csv,26072,duplicate_respondent_in_survey,5172,3,Arjun Patel,arjun.patel160@example.com,06/01/2026 04:01:33,06/01/2026 04:21:19,Partial,5,1186,email,
responses.csv,26105,duplicate_respondent_in_survey,33199,10,Priya Reddy,priya.reddy16@example.com,20/05/2026 01:01:58,,abandoned,N/A,1047,whatsapp,
responses.csv,26115,duplicate_respondent_in_survey,32949,10,Vikram Menon,vikram.menon997@example.com,30/03/2026 03:45:33,,abandoned,4,1559,sms,
responses.csv,26204,duplicate_respondent_in_survey,12585,4,Amit Joshi,amit.joshi805@example.com,26/02/2026 16:07:19,26/02/2026 16:09:05,Partial,4,106,sms,
responses.csv,26236,duplicate_respondent_in_survey,17105,5,Arjun Menon,arjun.menon226@example.com,28/06/2026 23:22:41,,started,N/A,428,kiosk,
responses.csv,26336,duplicate_respondent_in_survey,8686,3,Rahul Kulkarni,rahul.kulkarni124@example.com,26/01/2026 23:36:41,,abandoned,4,144,whatsapp,
responses.csv,26403,completed_before_started,900007,5,Meera Iyer,meera.iyer@example.com,03/04/2026 08:15:00,04/03/2026 08:40:00,completed,5,1500,email,
responses.csv,26469,duplicate_respondent_in_survey,24785,5,Nisha Sharma,nisha.sharma546@example.com,25/03/2026 21:20:58,25/03/2026 21:36:31,partial,4,933,,
responses.csv,26494,duplicate_respondent_in_survey,17466,5,Pooja Sharma,pooja.sharma280@example.com,02/03/2026 06:39:15,,started,5,1164,email,
responses.csv,26622,duplicate_respondent_in_survey,10422,3,Rohit Joshi,rohit.joshi334@example.com,04/03/2026 20:31:52,04/03/2026 20:46:17,partial,5,865,kiosk,
responses.csv,26649,duplicate_respondent_in_survey,23846,5,Rahul Joshi,rahul.joshi804@example.com,26/04/2026 02:02:03,26/04/2026 02:16:12,Completed,3,849,,
responses.csv,26651,duplicate_respondent_in_survey,27728,5,Karan Fernandes,karan.fernandes129@example.com,19/06/2026 21:17:06,,abandoned,3,435,email,
responses.csv,26765,duplicate_respondent_in_survey,22835,5,Ananya Iyer,ananya.iyer939@example.com,07/04/2026 08:43:42,,abandoned,N/A,588,sms,
responses.csv,26792,duplicate_respondent_in_survey,20115,5,Priya Gupta,priya.gupta930@example.com,07/08/2026 16:12:56,,abandoned,1,1081,email,
responses.csv,26866,duplicate_respondent_in_survey,7610,3,Rohit Rao,rohit.rao828@example.com,07/01/2026 00:35:23,07/01/2026 00:58:40,completed,1,1397,email,
responses.csv,27015,duplicate_respondent_in_survey,18126,5,Rahul Iyer,rahul.iyer35@example.com,26/04/2026 15:45:42,,abandoned,,1111,kiosk,
responses.csv,27121,duplicate_respondent_in_survey,17970,5,Rohit Rao,rohit.rao28@example.com,29/05/2026 02:09:03,,abandoned,1,45,kiosk,
responses.csv,27134,duplicate_respondent_in_survey,25343,5,Sneha Sharma,sneha.sharma963@example.com,01/02/2026 02:25:01,01/02/2026 02:44:06,Completed,5,1145,kiosk,
responses.csv,27205,duplicate_respondent_in_survey,18710,5,Pooja Iyer,pooja.iyer470@example.com,01/02/2026 19:15:42,01/02/2026 19:45:04,partial,,1762,kiosk,
responses.csv,27208,duplicate_respondent_in_survey,2771,1,Arjun Sharma,arjun.sharma612@example.com,20/06/2026 09:37:07,,started,2,1768,kiosk,
responses.csv,27210,duplicate_respondent_in_survey,38727,12,Divya Khan,divya.khan983@example.com,08/08/2026 13:46:05,,abandoned,4,702,sms,
responses.csv,27254,duplicate_respondent_in_survey,24731,5,Sanjay Kulkarni,sanjay.kulkarni444@example.com,22/05/2026 18:37:55,22/05/2026 18:43:35,completed,N/A,340,whatsapp,
responses.csv,27324,duplicate_respondent_in_survey,27430,5,Nisha Bose,nisha.bose255@example.com,05/01/2026 13:04:27,05/01/2026 13:29:15,partial,4,1488,,
responses.csv,27409,duplicate_respondent_in_survey,11316,3,Priya Kulkarni,priya.kulkarni993@example.com,28/05/2026 04:31:08,,started,1,788,kiosk,
responses.csv,27439,duplicate_respondent_in_survey,5181,3,Priya Iyer,priya.iyer887@example.com,20/01/2026 16:02:43,,started,2,809,kiosk,
responses.csv,27442,duplicate_respondent_in_survey,19834,5,Vikram Reddy,vikram.reddy365@example.com,20/06/2026 06:58:56,20/06/2026 07:18:07,partial,1,1151,,
responses.csv,27474,duplicate_respondent_in_survey,7969,3,Priya Bose,priya.bose500@example.com,13/05/2026 13:50:06,13/05/2026 13:54:28,Partial,,262,,
responses.csv,27489,duplicate_respondent_in_survey,22802,5,Arjun Menon,arjun.menon179@example.com,22/07/2026 23:04:35,22/07/2026 23:09:10,Partial,1,275,sms,
responses.csv,27593,duplicate_respondent_in_survey,22079,5,Vikram Kulkarni,vikram.kulkarni665@example.com,11/07/2026 10:03:36,,abandoned,5,1621,,
responses.csv,27748,duplicate_respondent_in_survey,9930,3,Pooja Fernandes,pooja.fernandes336@example.com,18/02/2026 12:46:59,18/02/2026 12:50:28,partial,4,209,email,
responses.csv,27791,duplicate_respondent_in_survey,900001,1,Priya Sharma,Priya.Sharma22@example.com,14/02/2026 09:12:00,14/02/2026 09:31:00,completed,4,1140,email,
responses.csv,27884,duplicate_respondent_in_survey,12881,4,Pooja Reddy,pooja.reddy276@example.com,14/07/2026 07:40:48,14/07/2026 07:51:35,Partial,1,647,email,
responses.csv,27940,duplicate_respondent_in_survey,30468,7,Vikram Joshi,vikram.joshi722@example.com,10/03/2026 14:55:50,,abandoned,,1729,kiosk,
responses.csv,27953,duplicate_respondent_in_survey,15483,4,Aditya Fernandes,aditya.fernandes650@example.com,15/06/2026 19:36:00,,abandoned,1,1526,whatsapp,
responses.csv,27986,duplicate_respondent_in_survey,21321,5,Aditya Reddy,aditya.reddy847@example.com,31/05/2026 14:09:28,,abandoned,3,158,kiosk,
responses.csv,28005,duplicate_respondent_in_survey,11297,3,Ananya Bose,ananya.bose894@example.com,13/01/2026 03:14:43,13/01/2026 03:29:46,partial,,903,sms,
responses.csv,28011,duplicate_respondent_in_survey,33479,10,Rahul Rao,rahul.rao678@example.com,06/08/2026 15:02:22,,started,3,1707,whatsapp,
responses.csv,28074,duplicate_respondent_in_survey,5160,3,Pooja Fernandes,pooja.fernandes224@example.com,14/05/2026 21:36:31,,abandoned,5,1095,kiosk,
responses.csv,28176,duplicate_respondent_in_survey,2311,1,Rohit Iyer,rohit.iyer16@example.com,17/02/2026 17:56:10,17/02/2026 18:25:40,Partial,N/A,1770,sms,
responses.csv,28260,duplicate_respondent_in_survey,24078,5,Aditya Desai,aditya.desai179@example.com,28/01/2026 16:18:26,28/01/2026 16:27:30,completed,5,544,email,
responses.csv,28278,duplicate_respondent_in_survey,19445,5,Nisha Sharma,nisha.sharma572@example.com,07/04/2026 11:46:35,,abandoned,N/A,201,sms,
responses.csv,28311,duplicate_respondent_in_survey,22720,5,Amit Khan,amit.khan656@example.com,30/04/2026 16:55:46,,abandoned,,805,whatsapp,
responses.csv,28349,duplicate_respondent_in_survey,8904,3,Rohit Chatterjee,rohit.chatterjee779@example.com,26/03/2026 23:23:32,26/03/2026 23:36:41,Completed,1,789,whatsapp,
responses.csv,28437,duplicate_respondent_in_survey,25958,5,Meera Bose,meera.bose238@example.com,16/01/2026 09:14:27,16/01/2026 09:38:30,Partial,2,1443,kiosk,
responses.csv,28470,duplicate_respondent_in_survey,31847,10,Priya Fernandes,priya.fernandes391@example.com,03/05/2026 08:03:06,,started,5,1501,whatsapp,
responses.csv,28506,duplicate_respondent_in_survey,6159,3,Pooja Iyer,pooja.iyer520@example.com,02/03/2026 01:39:37,,abandoned,4,44,whatsapp,
responses.csv,28548,duplicate_respondent_in_survey,15230,4,Karan Menon,karan.menon934@example.com,05/08/2026 12:20:57,,abandoned,1,1563,kiosk,
responses.csv,28695,duplicate_respondent_in_survey,32498,10,Rohit Nair,rohit.nair279@example.com,15/02/2026 10:55:17,15/02/2026 11:06:59,Partial,3,702,sms,
responses.csv,28912,duplicate_respondent_in_survey,20761,5,Meera Joshi,meera.joshi146@example.com,10/01/2026 05:26:34,,abandoned,,1511,,
responses.csv,28918,duplicate_respondent_in_survey,32898,10,Meera Menon,meera.menon140@example.com,29/01/2026 20:40:30,29/01/2026 20:43:53,COMPLETED,2,203,kiosk,
responses.csv,29021,duplicate_respondent_in_survey,16420,5,Meera Iyer,meera.iyer633@example.com,19/03/2026 03:46:12,,abandoned,5,1224,kiosk,
responses.csv,29031,duplicate_respondent_in_survey,18924,5,Pooja Menon,pooja.menon544@example.com,15/02/2026 08:56:59,15/02/2026 09:21:20,completed,1,1461,email,
responses.csv,29286,duplicate_respondent_in_survey,6949,3,Meera Sharma,meera.sharma749@example.com,07/05/2026 19:24:12,,started,2,1644,,
responses.csv,29289,duplicate_respondent_in_survey,27119,5,Rohit Chatterjee,rohit.chatterjee608@example.com,27/02/2026 14:21:04,,abandoned,5,517,kiosk,
responses.csv,29290,duplicate_respondent_in_survey,23123,5,Nisha Rao,nisha.rao485@example.com,04/02/2026 08:23:15,04/02/2026 08:25:05,COMPLETED,,110,kiosk,
responses.csv,29312,duplicate_respondent_in_survey,27954,5,Rohit Menon,rohit.menon517@example.com,12/01/2026 13:29:23,12/01/2026 13:54:42,completed,2,1519,whatsapp,
responses.csv,29314,duplicate_respondent_in_survey,20820,5,Arjun Reddy,arjun.reddy613@example.com,10/05/2026 11:31:29,,started,N/A,1649,whatsapp,
responses.csv,29402,duplicate_respondent_in_survey,25887,5,Meera Iyer,meera.iyer623@example.com,23/01/2026 11:37:04,23/01/2026 11:58:49,completed,5,1305,email,
responses.csv,29581,duplicate_respondent_in_survey,8281,3,Sneha Desai,sneha.desai587@example.com,25/04/2026 01:19:24,25/04/2026 01:46:38,Partial,4,1634,sms,
responses.csv,29785,duplicate_respondent_in_survey,21794,5,Vikram Patel,vikram.patel486@example.com,18/05/2026 14:40:31,18/05/2026 15:00:52,Partial,3,1221,whatsapp,
responses.csv,29847,duplicate_respondent_in_survey,16116,4,Pooja Chatterjee,pooja.chatterjee28@example.com,27/04/2026 07:29:41,27/04/2026 07:55:13,partial,2,1532,sms,
responses.csv,29973,duplicate_respondent_in_survey,13634,4,Kavya Khan,kavya.khan191@example.com,30/07/2026 00:34:48,,abandoned,4,671,kiosk,
responses.csv,29988,duplicate_respondent_in_survey,24600,5,Meera Sharma,meera.sharma140@example.com,21/03/2026 18:23:03,,started,4,416,sms,
responses.csv,30025,duplicate_respondent_in_survey,22436,5,Priya Nair,priya.nair599@example.com,30/01/2026 15:39:04,30/01/2026 15:54:54,partial,5,950,kiosk,
responses.csv,30026,duplicate_respondent_in_survey,24603,5,Priya Chatterjee,priya.chatterjee917@example.com,02/06/2026 23:53:38,03/06/2026 00:06:28,Partial,3,770,whatsapp,
responses.csv,30203,duplicate_respondent_in_survey,27721,5,Vikram Chatterjee,vikram.chatterjee645@example.com,13/05/2026 18:45:00,13/05/2026 18:58:27,Partial,5,807,email,
responses.csv,30204,duplicate_respondent_in_survey,18104,5,Amit Khan,amit.khan814@example.com,14/04/2026 09:55:09,14/04/2026 10:19:23,COMPLETED,,1454,email,
responses.csv,30257,duplicate_respondent_in_survey,27947,5,Ananya Fernandes,ananya.fernandes948@example.com,09/03/2026 00:17:27,09/03/2026 00:46:15,COMPLETED,5,1728,email,
responses.csv,30349,duplicate_respondent_in_survey,9328,3,Sanjay Chatterjee,sanjay.chatterjee863@example.com,11/01/2026 21:02:56,11/01/2026 21:04:43,partial,,107,,
responses.csv,30586,duplicate_respondent_in_survey,18306,5,Rohit Gupta,rohit.gupta702@example.com,12/01/2026 16:15:11,12/01/2026 16:17:24,completed,1,133,,
responses.csv,30600,duplicate_respondent_in_survey,14420,4,Kavya Kulkarni,kavya.kulkarni113@example.com,25/06/2026 16:11:58,25/06/2026 16:31:48,completed,3,1190,,
responses.csv,30751,duplicate_respondent_in_survey,6255,3,Rohit Chatterjee,rohit.chatterjee557@example.com,08/03/2026 22:55:18,,started,5,149,kiosk,
responses.csv,30780,duplicate_respondent_in_survey,7580,3,Sneha Nair,sneha.nair353@example.com,01/04/2026 21:24:23,01/04/2026 21:52:08,Partial,,1665,sms,
responses.csv,30830,duplicate_respondent_in_survey,23125,5,Sanjay Reddy,sanjay.reddy226@example.com,05/08/2026 17:21:24,05/08/2026 17:49:42,partial,2,1698,,
responses.csv,30834,duplicate_respondent_in_survey,29930,7,Rahul Fernandes,rahul.fernandes349@example.com,24/02/2026 07:03:51,24/02/2026 07:04:43,COMPLETED,3,52,,
responses.csv,30884,duplicate_respondent_in_survey,21820,5,Arjun Nair,arjun.nair514@example.com,19/07/2026 04:02:43,,abandoned,5,146,sms,
responses.csv,30935,duplicate_respondent_in_survey,16662,5,Sneha Desai,sneha.desai494@example.com,28/02/2026 18:03:07,28/02/2026 18:11:28,Partial,,501,,
responses.csv,30945,duplicate_respondent_in_survey,18075,5,Pooja Reddy,pooja.reddy838@example.com,05/04/2026 04:25:53,,abandoned,,1705,kiosk,
responses.csv,31070,duplicate_respondent_in_survey,4546,3,Sanjay Sharma,sanjay.sharma799@example.com,03/01/2026 15:30:07,,started,5,492,email,
responses.csv,31093,duplicate_respondent_in_survey,7364,3,Ananya Sharma,ananya.sharma601@example.com,25/07/2026 04:11:09,25/07/2026 04:38:15,partial,2,1626,kiosk,
responses.csv,31164,unknown_survey,900010,47,Rohit Desai,rohit.desai@example.com,01/04/2026 09:00:00,01/04/2026 09:15:00,completed,4,900,email,
responses.csv,31262,duplicate_respondent_in_survey,20259,5,Ananya Reddy,ananya.reddy920@example.com,26/04/2026 10:01:53,26/04/2026 10:28:28,Partial,1,1595,whatsapp,
responses.csv,31325,duplicate_respondent_in_survey,17230,5,Amit Rao,amit.rao390@example.com,07/06/2026 11:47:35,07/06/2026 11:53:08,partial,3,333,,
responses.csv,31367,duplicate_respondent_in_survey,18584,5,Priya Khan,priya.khan967@example.com,14/05/2026 05:28:34,,started,4,319,sms,
responses.csv,31628,duplicate_respondent_in_survey,19351,5,Karan Joshi,karan.joshi5@example.com,15/05/2026 03:49:29,15/05/2026 03:53:41,COMPLETED,2,252,email,
responses.csv,31700,duplicate_respondent_in_survey,19273,5,Sanjay Desai,sanjay.desai396@example.com,08/07/2026 23:55:36,,abandoned,,626,kiosk,
responses.csv,31957,duplicate_respondent_in_survey,20140,5,Vikram Nair,vikram.nair371@example.com,12/04/2026 00:58:39,12/04/2026 01:04:31,completed,,352,email,
responses.csv,32030,duplicate_respondent_in_survey,5213,3,Priya Joshi,priya.joshi36@example.com,10/02/2026 10:26:41,10/02/2026 10:27:08,partial,,27,,
responses.csv,32079,duplicate_respondent_in_survey,27577,5,Rahul Fernandes,rahul.fernandes506@example.com,28/06/2026 19:23:05,,abandoned,5,1513,kiosk,
responses.csv,32256,duplicate_respondent_in_survey,23115,5,Vikram Kulkarni,vikram.kulkarni331@example.com,26/07/2026 15:42:53,,abandoned,N/A,438,kiosk,
responses.csv,32291,duplicate_respondent_in_survey,36168,12,Nisha Desai,nisha.desai519@example.com,11/02/2026 17:52:14,11/02/2026 18:14:02,Partial,2,1308,email,
responses.csv,32378,duplicate_respondent_in_survey,21203,5,Pooja Bose,pooja.bose716@example.com,21/05/2026 05:28:12,21/05/2026 05:31:46,partial,2,214,kiosk,
responses.csv,32387,duplicate_respondent_in_survey,27224,5,Divya Desai,divya.desai175@example.com,06/01/2026 18:31:52,06/01/2026 18:34:35,COMPLETED,,163,whatsapp,
responses.csv,32412,duplicate_respondent_in_survey,4428,3,Karan Joshi,karan.joshi621@example.com,07/02/2026 00:48:04,07/02/2026 00:54:51,partial,4,407,kiosk,
responses.csv,32417,duplicate_response_id,900011,7,Sneha Bose,sneha.bose@example.com,22/04/2026 12:00:00,22/04/2026 12:18:00,completed,3,1080,kiosk,
responses.csv,32421,duplicate_respondent_in_survey,30690,7,Sanjay Chatterjee,sanjay.chatterjee158@example.com,19/02/2026 16:00:23,19/02/2026 16:26:50,COMPLETED,3,1587,,
responses.csv,32451,duplicate_respondent_in_survey,21881,5,Rahul Joshi,rahul.joshi315@example.com,26/04/2026 22:58:36,,abandoned,4,1349,kiosk,
responses.csv,32741,duplicate_respondent_in_survey,13286,4,Aditya Gupta,aditya.gupta541@example.com,09/05/2026 23:19:05,09/05/2026 23:23:05,Partial,N/A,240,whatsapp,
responses.csv,32818,duplicate_respondent_in_survey,16223,4,Amit Reddy,amit.reddy239@example.com,14/01/2026 09:29:41,,started,N/A,790,kiosk,
responses.csv,32873,duplicate_respondent_in_survey,20039,5,Vikram Rao,vikram.rao474@example.com,07/04/2026 09:07:47,,abandoned,1,539,sms,
responses.csv,32897,duplicate_respondent_in_survey,7310,3,Sanjay Bose,sanjay.bose255@example.com,05/04/2026 01:57:24,,abandoned,N/A,1249,kiosk,
responses.csv,32930,duplicate_respondent_in_survey,14138,4,Sanjay Khan,sanjay.khan915@example.com,02/03/2026 22:40:45,02/03/2026 23:08:00,Partial,3,1635,whatsapp,
responses.csv,33091,duplicate_respondent_in_survey,10666,3,Amit Rao,amit.rao127@example.com,24/03/2026 22:28:24,,started,2,191,sms,
responses.csv,33220,duplicate_respondent_in_survey,5779,3,Karan Joshi,karan.joshi985@example.com,06/02/2026 14:57:21,,abandoned,5,417,whatsapp,
responses.csv,33222,duplicate_respondent_in_survey,24424,5,Rahul Chatterjee,rahul.chatterjee615@example.com,08/06/2026 11:44:35,,abandoned,3,659,email,
responses.csv,33310,duplicate_respondent_in_survey,14476,4,Priya Fernandes,priya.fernandes69@example.com,11/07/2026 03:10:25,11/07/2026 03:34:13,partial,1,1428,whatsapp,
responses.csv,33415,duplicate_respondent_in_survey,26175,5,Sanjay Sharma,sanjay.sharma38@example.com,01/04/2026 08:46:31,01/04/2026 08:53:50,completed,5,439,,
responses.csv,33462,duplicate_respondent_in_survey,36652,12,Divya Rao,divya.rao649@example.com,07/05/2026 10:26:41,,abandoned,2,1238,email,
responses.csv,33478,duplicate_respondent_in_survey,23744,5,Vikram Bose,vikram.bose546@example.com,05/04/2026 06:16:51,05/04/2026 06:24:55,completed,,484,email,
responses.csv,33628,duplicate_respondent_in_survey,5915,3,Kavya Fernandes,kavya.fernandes48@example.com,15/01/2026 00:08:58,15/01/2026 00:13:35,Completed,2,277,kiosk,
responses.csv,33654,duplicate_respondent_in_survey,5767,3,Karan Patel,karan.patel127@example.com,22/01/2026 23:11:13,,started,N/A,614,,
responses.csv,33829,duplicate_respondent_in_survey,24571,5,Rahul Patel,rahul.patel277@example.com,07/05/2026 14:59:27,07/05/2026 15:26:14,Partial,5,1607,sms,
responses.csv,33845,duplicate_respondent_in_survey,7967,3,Vikram Bose,vikram.bose310@example.com,20/05/2026 13:27:49,20/05/2026 13:38:03,COMPLETED,1,614,email,
responses.csv,33954,duplicate_respondent_in_survey,10625,3,Amit Desai,amit.desai102@example.com,19/01/2026 23:28:18,19/01/2026 23:57:03,Partial,4,1725,,
responses.csv,33988,duplicate_respondent_in_survey,9061,3,Kavya Patel,kavya.patel36@example.com,01/04/2026 00:54:48,,started,4,358,sms,
responses.csv,34028,duplicate_respondent_in_survey,24060,5,Rohit Sharma,rohit.sharma602@example.com,02/07/2026 11:41:37,,started,N/A,733,email,
responses.csv,34163,duplicate_respondent_in_survey,13045,4,Priya Menon,priya.menon55@example.com,08/03/2026 16:16:19,,abandoned,1,1512,sms,
responses.csv,34218,duplicate_respondent_in_survey,19327,5,Pooja Joshi,pooja.joshi691@example.com,22/07/2026 15:44:00,22/07/2026 16:06:56,Partial,3,1376,kiosk,
responses.csv,34335,duplicate_respondent_in_survey,27807,5,Sanjay Sharma,sanjay.sharma964@example.com,23/05/2026 13:39:23,,abandoned,1,1739,email,
responses.csv,34352,duplicate_respondent_in_survey,14432,4,Aditya Menon,aditya.menon623@example.com,17/07/2026 12:25:21,,started,N/A,680,whatsapp,
responses.csv,34458,duplicate_respondent_in_survey,1432,1,Rohit Menon,rohit.menon454@example.com,15/04/2026 01:47:17,15/04/2026 02:12:43,partial,3,1526,sms,
responses.csv,34578,duplicate_respondent_in_survey,27565,5,Karan Sharma,karan.sharma908@example.com,12/07/2026 07:43:01,,started,N/A,61,,
responses.csv,34594,duplicate_respondent_in_survey,17868,5,Pooja Kulkarni,pooja.kulkarni462@example.com,18/05/2026 18:21:09,18/05/2026 18:42:01,completed,1,1252,kiosk,
responses.csv,34657,duplicate_respondent_in_survey,32249,10,Vikram Gupta,vikram.gupta534@example.com,06/03/2026 09:21:50,,abandoned,N/A,203,,
responses.csv,34674,duplicate_respondent_in_survey,28126,5,Meera Patel,meera.patel645@example.com,30/01/2026 08:40:36,30/01/2026 08:47:47,completed,N/A,431,whatsapp,
responses.csv,34705,duplicate_respondent_in_survey,33983,10,Priya Menon,priya.menon258@example.com,24/02/2026 12:21:04,24/02/2026 12:27:35,partial,N/A,391,email,
responses.csv,34872,duplicate_respondent_in_survey,17433,5,Sneha Desai,sneha.desai42@example.com,25/03/2026 18:18:48,,abandoned,2,671,email,
responses.csv,34954,duplicate_respondent_in_survey,20319,5,Sanjay Nair,sanjay.nair50@example.com,30/06/2026 02:41:13,30/06/2026 03:08:09,Partial,2,1616,sms,
responses.csv,35076,duplicate_respondent_in_survey,29578,7,Amit Reddy,amit.reddy851@example.com,01/06/2026 03:15:14,,started,4,442,,
responses.csv,35164,duplicate_respondent_in_survey,24642,5,Amit Rao,amit.rao618@example.com,10/04/2026 21:34:57,,abandoned,1,505,,
responses.csv,35183,duplicate_respondent_in_survey,18724,5,Kavya Chatterjee,kavya.chatterjee260@example.com,26/02/2026 04:14:10,26/02/2026 04:42:09,partial,5,1679,email,
responses.csv,35236,duplicate_respondent_in_survey,21945,5,Arjun Sharma,arjun.sharma894@example.com,05/04/2026 14:57:41,,abandoned,4,297,email,
responses.csv,35243,duplicate_respondent_in_survey,10914,3,Nisha Joshi,nisha.joshi396@example.com,16/01/2026 01:52:01,16/01/2026 02:07:07,partial,2,906,kiosk,
responses.csv,35388,duplicate_respondent_in_survey,20283,5,Vikram Fernandes,vikram.fernandes41@example.com,26/01/2026 12:17:30,,abandoned,,720,email,
responses.csv,35479,duplicate_respondent_in_survey,18352,5,Nisha Reddy,nisha.reddy545@example.com,17/01/2026 17:38:43,17/01/2026 18:00:33,Completed,3,1310,kiosk,
responses.csv,35535,duplicate_respondent_in_survey,27692,5,Pooja Reddy,pooja.reddy540@example.com,05/04/2026 07:08:25,05/04/2026 07:28:17,partial,,1192,whatsapp,
responses.csv,35546,duplicate_respondent_in_survey,20691,5,Priya Menon,priya.menon460@example.com,24/06/2026 15:08:48,24/06/2026 15:35:31,partial,4,1603,sms,
responses.csv,35595,duplicate_respondent_in_survey,13485,4,Karan Desai,karan.desai761@example.com,30/07/2026 01:13:56,30/07/2026 01:28:09,Partial,N/A,853,,
responses.csv,35601,duplicate_respondent_in_survey,7387,3,Sanjay Sharma,sanjay.sharma209@example.com,19/04/2026 03:43:53,19/04/2026 03:54:47,Completed,4,654,whatsapp,
responses.csv,35816,duplicate_respondent_in_survey,18006,5,Karan Bose,karan.bose418@example.com,23/07/2026 10:41:30,,abandoned,N/A,1587,sms,
responses.csv,35919,duplicate_respondent_in_survey,27586,5,Nisha Bose,nisha.bose465@example.com,07/01/2026 18:22:04,,abandoned,4,613,whatsapp,
responses.csv,35997,duplicate_respondent_in_survey,24292,5,Ananya Reddy,ananya.reddy890@example.com,31/01/2026 21:31:03,31/01/2026 21:52:59,Partial,N/A,1316,sms,
responses.csv,36016,duplicate_respondent_in_survey,17063,5,Priya Kulkarni,priya.kulkarni958@example.com,01/03/2026 16:42:08,01/03/2026 16:46:38,COMPLETED,1,270,,
responses.csv,36101,duplicate_respondent_in_survey,16145,4,Sanjay Joshi,sanjay.joshi813@example.com,30/06/2026 19:35:57,30/06/2026 19:55:43,Partial,3,1186,email,
responses.csv,36108,duplicate_respondent_in_survey,27976,5,Arjun Patel,arjun.patel550@example.com,13/05/2026 03:44:59,13/05/2026 03:49:51,partial,N/A,292,sms,
responses.csv,36151,duplicate_respondent_in_survey,25944,5,Pooja Patel,pooja.patel460@example.com,27/01/2026 08:13:42,27/01/2026 08:39:32,partial,,1550,,
responses.csv,36309,duplicate_respondent_in_survey,19098,5,Amit Chatterjee,amit.chatterjee616@example.com,08/04/2026 00:20:35,08/04/2026 00:25:44,Partial,4,309,sms,
responses.csv,36321,duplicate_respondent_in_survey,23431,5,Rohit Menon,rohit.menon664@example.com,11/05/2026 07:27:46,,abandoned,N/A,810,sms,
responses.csv,36339,duplicate_respondent_in_survey,24577,5,Amit Iyer,amit.iyer774@example.com,09/06/2026 12:59:20,,started,,640,email,
responses.csv,36408,duplicate_respondent_in_survey,23191,5,Rohit Bose,rohit.bose476@example.com,06/07/2026 22:01:13,,started,N/A,540,kiosk,
responses.csv,36473,duplicate_respondent_in_survey,27037,5,Aditya Reddy,aditya.reddy380@example.com,25/02/2026 03:53:39,25/02/2026 04:20:54,COMPLETED,,1635,whatsapp,
responses.csv,36483,duplicate_respondent_in_survey,16895,5,Amit Bose,amit.bose253@example.com,21/06/2026 02:06:38,,abandoned,5,224,sms,
responses.csv,36513,duplicate_respondent_in_survey,20641,5,Amit Chatterjee,amit.chatterjee54@example.com,28/05/2026 10:18:22,28/05/2026 10:21:33,partial,1,191,sms,
responses.csv,36685,duplicate_respondent_in_survey,20508,5,Pooja Joshi,pooja.joshi821@example.com,19/03/2026 20:34:01,19/03/2026 20:49:04,Partial,1,903,email,
responses.csv,36730,duplicate_respondent_in_survey,19543,5,Arjun Reddy,arjun.reddy79@example.com,04/01/2026 09:07:12,04/01/2026 09:26:29,COMPLETED,3,1157,kiosk,
responses.csv,36731,duplicate_respondent_in_survey,17810,5,Pooja Chatterjee,pooja.chatterjee971@example.com,17/04/2026 18:34:08,17/04/2026 18:52:24,Partial,5,1096,,
responses.csv,36860,duplicate_respondent_in_survey,27298,5,Meera Iyer,meera.iyer623@example.com,28/01/2026 11:09:49,28/01/2026 11:30:24,partial,2,1235,email,
responses.csv,36888,duplicate_respondent_in_survey,19707,5,Priya Kulkarni,priya.kulkarni86@example.com,25/01/2026 17:17:16,,abandoned,,1097,sms,
responses.csv,36906,duplicate_respondent_in_survey,25643,5,Meera Joshi,meera.joshi866@example.com,11/02/2026 17:17:55,11/02/2026 17:21:35,Partial,2,220,whatsapp,
responses.csv,36915,duplicate_respondent_in_survey,20342,5,Rohit Rao,rohit.rao816@example.com,06/01/2026 12:49:25,06/01/2026 13:11:29,Partial,5,1324,sms,
responses.csv,37021,duplicate_respondent_in_survey,7164,3,Sanjay Khan,sanjay.khan221@example.com,13/05/2026 15:57:51,13/05/2026 16:01:51,Partial,3,240,email,
responses.csv,37260,duplicate_respondent_in_survey,24160,5,Rahul Joshi,rahul.joshi560@example.com,11/03/2026 00:05:39,,abandoned,N/A,1260,whatsapp,
responses.csv,37265,duplicate_respondent_in_survey,36844,12,Priya Menon,priya.menon352@example.com,30/04/2026 21:59:41,30/04/2026 22:24:53,Partial,5,1512,email,
responses.csv,37304,duplicate_respondent_in_survey,27599,5,Sneha Fernandes,sneha.fernandes451@example.com,04/06/2026 13:59:24,04/06/2026 14:06:18,partial,4,414,,
responses.csv,37449,duplicate_respondent_in_survey,22332,5,Karan Gupta,karan.gupta497@example.com,01/04/2026 06:04:08,,abandoned,5,1742,whatsapp,
responses.csv,37527,duplicate_respondent_in_survey,23455,5,Karan Khan,karan.khan124@example.com,29/01/2026 19:03:52,,started,3,330,sms,
responses.csv,37550,duplicate_respondent_in_survey,31484,7,Kavya Rao,kavya.rao188@example.com,20/06/2026 01:06:17,20/06/2026 01:32:44,Partial,2,1587,sms,
responses.csv,37681,duplicate_respondent_in_survey,4382,3,Nisha Bose,nisha.bose722@example.com,28/02/2026 05:52:12,,abandoned,N/A,786,,
responses.csv,37752,duplicate_respondent_in_survey,29416,7,Arjun Fernandes,arjun.fernandes320@example.com,20/06/2026 09:43:24,20/06/2026 10:07:18,Completed,2,1434,sms,
responses.csv,37791,duplicate_respondent_in_survey,25680,5,Arjun Menon,arjun.menon928@example.com,28/03/2026 08:43:43,,abandoned,2,1351,email,
responses.csv,37846,duplicate_respondent_in_survey,26972,5,Vikram Nair,vikram.nair118@example.com,12/06/2026 10:28:47,,started,2,1097,kiosk,
responses.csv,37929,duplicate_respondent_in_survey,31923,10,Pooja Iyer,pooja.iyer9@example.com,07/03/2026 20:48:44,07/03/2026 21:10:15,completed,3,1291,kiosk,
responses.csv,37972,duplicate_respondent_in_survey,6757,3,Sneha Bose,sneha.bose40@example.com,21/07/2026 17:26:02,21/07/2026 17:32:51,Partial,2,409,sms,
responses.csv,37990,negative_duration; completed_before_started,900008,5,Vikram Rao,vikram.rao@example.com,12/05/2026 14:00:00,12/05/2026 13:20:00,completed,2,-2400,sms,
